name,position,team,age,years_exp
Joe Flacco,QB,CIN,41,18
Jason Witten,TE,,39,19
Matt Ryan,QB,,37,15
Chad Henne,QB,,37,15
Aaron Rodgers,QB,PIT,42,21
Marcedes Lewis,TE,,41,20
Ben Roethlisberger,QB,PIT,39,18
DeSean Jackson,WR,,36,14
Tom Brady,QB,,45,23
Matt Schaub,QB,,40,18
Drew Stanton,QB,,37,15
Adrian Peterson,RB,,37,15
Vernon Davis,TE,,37,16
Josh McCown,QB,,42,20
Larry Fitzgerald,WR,,38,18
Frank Gore,RB,,38,17
Matt Moore,QB,,37,15
Darren Sproles,RB,,38,17
Josh Johnson,QB,CIN,40,18
Alex Smith,QB,,37,17
Delanie Walker,TE,,37,16
Drew Brees,QB,,42,20
Matthew Slater,WR,,38,16
Philip Rivers,QB,,44,22
Ryan Fitzpatrick,QB,,39,17
Julian Edelman,WR,,35,13
Brian Hoyer,QB,,38,15
Jared Cook,TE,,35,13
Matthew Stafford,QB,LAR,38,17
Michael Crabtree,WR,,34,13
Chase Daniel,QB,,36,14
Danny Amendola,WR,,36,14
Rob Gronkowski,TE,,32,12
Colt McCoy,QB,,36,13
Antonio Brown,WR,,33,12
Emmanuel Sanders,WR,,35,12
Tim Tebow,TE,,34,12
Dez Bryant,WR,,33,12
Logan Paulsen,TE,,34,12
Joe Webb,QB,,35,12
Jimmy Graham,TE,,37,14
Andre Roberts,WR,,35,13
Golden Tate,WR,,33,12
Benjamin Watson,TE,,41,18
LeSean McCoy,RB,,33,13
Ted Ginn,WR,,36,15
Marshawn Lynch,RB,,35,15
Dion Lewis,RB,,31,11
Charles Clay,TE,,32,11
Lee Smith,TE,ATL,34,11
Bilal Powell,RB,,33,11
Tyrod Taylor,QB,GB,37,15
Andy Dalton,QB,PHI,38,15
A.J. Green,WR,,34,12
Blaine Gabbert,QB,,34,13
Virgil Green,TE,,33,11
Taiwan Jones,RB,,35,12
Dwayne Harris,WR,,34,11
Randall Cobb,WR,,33,13
Kyle Rudolph,TE,,33,12
Julio Jones,WR,,35,13
Cam Newton,QB,,32,11
Mark Ingram,RB,,33,12
Luke Stocker,TE,,33,11
Lance Kendricks,TE,,33,11
Anthony Sherman,RB,,33,11
Nick Foles,QB,,34,11
Brandon Bolden,RB,,34,12
Lamar Miller,RB,,30,10
Ryan Tannehill,QB,,35,12
Marvin Jones,WR,,33,11
Mohamed Sanu,WR,,33,10
Travis Benjamin,WR,,32,10
T.Y. Hilton,WR,,33,11
Cole Beasley,WR,,34,11
Alshon Jeffery,WR,,31,10
Kirk Cousins,QB,LV,38,14
Robert Griffin,QB,,31,10
Alfred Morris,RB,,33,10
Rhett Ellison,TE,,33,10
Jarius Wright,WR,,32,10
Garrett Celek,TE,,33,10
Robert Turbin,RB,,32,10
Russell Wilson,QB,,37,14
Josh Gordon,WR,,31,10
Alex Tanney,QB,,34,10
Bradley Sowell,TE,,32,10
Francis Owusu,WR,,27,5
Jermaine Kearse,WR,,31,10
Josh Bellamy,WR,,32,10
Chris Hogan,WR,,34,11
Russell Shepard,WR,,31,9
Matt Barkley,QB,,33,11
Zach Ertz,TE,,35,13
Marquise Goodwin,WR,,33,11
Robert Woods,WR,,33,12
Geno Smith,QB,NYJ,35,13
Giovani Bernard,RB,,31,10
Rex Burkhead,RB,,32,10
Tyler Eifert,TE,,31,9
Le'Veon Bell,RB,,29,9
Ryan Griffin,TE,,33,10
DeAndre Hopkins,WR,,33,13
C.J. Anderson,RB,,30,9
Travis Kelce,TE,KC,36,13
Latavius Murray,RB,,34,11
Keenan Allen,WR,IND,34,13
Jordan Reed,TE,,31,9
Chris Thompson,RB,,31,9
Theo Riddick,RB,,30,9
Cordarrelle Patterson,RB,,34,12
Kenjon Barner,RB,,33,9
Ryan Griffin,QB,,33,10
Kenny Stills,WR,,30,9
Mike Glennon,QB,,33,10
Tavon Austin,WR,,32,9
Vance McDonald,TE,,31,9
Darren Fells,TE,TB,35,9
Spencer Ware,RB,,30,9
Luke Willson,TE,,31,9
Nick Williams,WR,DEN,32,10
Tyler Bray,QB,,30,9
Demetrius Harris,TE,,30,9
Levine Toilolo,TE,NYG,30,9
Terrell Sinkfield,WR,,31,9
Uzoma Nwachukwu,WR,,31,9
Jaron Brown,WR,,32,9
Adam Thielen,WR,,35,13
Eric Rogers,WR,,30,9
Jack Doyle,TE,IND,31,9
Derek Carrier,TE,,31,10
Case Keenum,QB,CHI,38,14
Josh Hill,TE,,31,9
Trey Burton,TE,,30,8
David Fluellen,RB,,29,8
Jordan Matthews,TE,,32,11
Sammy Watkins,WR,,29,9
Jarvis Landry,WR,,30,9
Damien Williams,RB,,31,9
Jimmy Garoppolo,QB,,34,12
Stephen Houston,RB,,30,8
Derrick Johnson,WR,,33,11
James White,RB,,30,8
Quincy Enunwa,WR,,29,8
Shaquelle Evans,WR,,30,8
AJ McCarron,QB,,33,10
Taylor Gabriel,WR,,30,8
Willie Snead,WR,,31,10
Martavis Bryant,WR,,32,10
Derel Walker,WR,,30,8
Donte Moncrief,WR,,28,8
Blake Bortles,QB,NO,29,8
Allen Hurns,WR,MIA,30,8
Marqise Lee,WR,,30,8
Allen Robinson,WR,,31,11
Bennie Fowler,WR,,30,8
Cody Latimer,WR,,29,8
De'Anthony Thomas,WR,,29,8
Albert Wilson,WR,,30,9
Derek Carr,QB,,34,11
Seth Roberts,WR,,30,8
Scott Simonson,TE,,29,8
Brelan Chancellor,WR,,33,12
Odell Beckham,WR,NYG,33,12
Xavier Grimble,TE,,29,8
Ryan Grant,WR,,31,8
David Fales,QB,,31,8
Senorise Perry,RB,,30,8
Eric Ebron,TE,PIT,28,8
James Franklin,QB,,34,12
T.J. Jones,WR,,29,8
Davante Adams,WR,LAR,33,12
Rajion Neal,RB,,29,8
Richard Rodgers,TE,,31,9
Teddy Bridgewater,QB,,33,12
Jerick McKinnon,RB,,32,10
Devonta Freeman,RB,,30,8
Marcus Lucas,WR,,29,8
Brandin Cooks,WR,,32,12
Timothy Flanders,RB,,33,11
Cameron Brate,TE,,31,9
Mike Evans,WR,SF,32,12
Garrett Gilbert,QB,,32,9
John Brown,WR,,32,9
Logan Thomas,TE,,33,10
Carlos Hyde,RB,,31,8
Trey Millard,RB,,30,8
Paul Richardson,WR,,29,8
Dontrelle Inman,WR,,32,11
Jerome Cunningham,TE,,30,8
Jameis Winston,QB,NYG,32,11
Marcus Mariota,QB,WAS,32,11
Amari Cooper,WR,,31,10
Kevin White,WR,,30,8
Todd Gurley,RB,,27,7
DeVante Parker,WR,,31,9
Melvin Gordon,RB,,30,9
Nelson Agholor,WR,,31,10
Breshad Perriman,WR,,29,8
Phillip Dorsett,WR,LV,33,11
T.J. Yeldon,RB,,28,7
Devin Smith,WR,,29,7
Devin Funchess,TE,,28,7
Ameer Abdullah,RB,JAX,33,11
Maxx Williams,TE,,28,8
Clive Walford,TE,,30,7
Tyler Lockett,WR,,33,11
Tevin Coleman,RB,,29,8
Chris Conley,WR,,32,10
Duke Johnson,RB,,29,8
Tyler Kroft,TE,,31,9
David Johnson,RB,,31,8
Sean Mannion,QB,,31,9
Jeff Heuerman,TE,,29,7
Ty Montgomery,RB,,30,8
Jamison Crowder,WR,,31,10
Justin Hardy,WR,,30,7
Blake Bell,TE,,32,9
Javorius Allen,RB,,30,7
Mike Davis,RB,,29,7
MyCole Pruitt,TE,,32,10
Stefon Diggs,WR,WAS,32,11
Brett Hundley,QB,,29,8
Jay Ajayi,RB,,28,7
C.J. Uzomah,TE,,32,10
J.J. Nelson,WR,,30,7
Jesse James,TE,,29,8
Kenny Bell,WR,,29,7
Nick Boyle,TE,,29,8
James O'Shaughnessy,TE,,31,8
Geremy Davis,WR,,30,7
Nick O'Leary,TE,,29,7
Darren Waller,TE,CAR,33,11
Ben Koyack,TE,,28,7
Da'Ron Brown,WR,,30,7
Geoff Swaim,TE,,31,10
Trevor Siemian,QB,,34,11
Rory Anderson,TE,,29,7
Jerry Lovelocke,QB,,32,10
Zach Zenner,RB,,30,7
Anthony Boone,QB,,34,11
Jean Sifrin,TE,,38,1
Bryan Bennett,QB,,32,10
Jake Waters,QB,,32,10
Donatella Luckett,WR,,34,10
DaVaris Daniels,WR,,32,10
Cody Fajardo,QB,,32,10
Devante Davis,WR,,32,10
Titus Davis,WR,,29,7
Jahwan Edwards,RB,,32,10
Cole Stoudt,QB,,33,11
Tyrell Williams,WR,,29,7
Dres Anderson,WR,,29,7
Malcolm Brown,RB,,29,8
Antwan Goodley,WR,,30,7
Tim Semisch,TE,,30,7
Michael Dyer,RB,,34,10
Ricky Seale,RB,,33,10
Darius Jennings,WR,,29,7
Jake Heaps,QB,,30,7
Desmond Martin,RB,,32,10
Vernon Johnson,WR,,32,10
Jarred Haggins,WR,,33,10
Tony Jones,WR,,32,10
Phillip Sims,QB,,32,10
Damarr Aultman,WR,,33,10
Damiere Byrd,WR,,31,9
Paul Browning,WR,,32,10
Corbin Louks,WR,,35,10
Ezell Ruffin,WR,,32,10
Taylor Heinicke,QB,,32,10
Josh Harper,WR,,33,10
Kenneth Harper,RB,,32,10
Kasey Closs,WR,,32,10
Raheem Mostert,RB,,33,11
DeAndre Carter,WR,,32,11
Daniel Brown,TE,,29,7
Trent Steelman,WR,,35,12
Rasheed Bailey,WR,,28,7
Michael Johnson,WR,,33,10
Eric Tomlinson,TE,,32,10
Andrew Gleichert,TE,,33,10
Jawon Chisholm,RB,,33,10
Braylon Heard,RB,,33,10
Harold Spears,TE,,32,10
Jimmie Hunt,WR,,34,10
Kenzel Doe,WR,,32,10
Gus Johnson,RB,,28,7
David Porter,WR,,32,10
Nigel King,WR,,32,10
Mario Hull,WR,,32,10
DeAndrew White,WR,,30,7
Daniel Rodriguez,WR,,37,10
Dominique Brown,RB,,33,10
Jake Kumerow,WR,,31,8
Adam Humphries,WR,,30,8
Kenny Cook,WR,,29,7
Trevor Harman,WR,,33,10
Marquez Clark,WR,,33,10
Ray Hamilton,TE,,32,10
Tony Creecy,RB,,32,10
Isiah Ferguson,WR,,34,10
Zach Laskey,RB,,29,7
Justin Sinz,TE,,33,10
Rodney Smith,RB,,30,7
Cameron Clear,TE,,32,10
Terrence Franks,RB,,32,10
Shane Carden,QB,,33,10
Josh Reese,WR,,34,10
Beau Gardner,TE,,35,10
Tyler Rutenbeck,WR,,33,10
Gavin Lutman,WR,,33,10
Luke Lundy,RB,,36,10
Ify Umodu,WR,,32,10
Brian Vogler,TE,,29,7
Demetrius Wilson,WR,,33,10
Jeret Smith,WR,,32,10
Devin Mahina,TE,,36,10
Connor Neighbors,RB,,33,10
Keshawn Hill,RB,,31,10
Adrian Coxson,WR,,33,10
Justin Tukes,TE,,33,10
Deshon Foxx,WR,,29,7
Eric Frohnapfel,TE,,32,10
Corey Knox,RB,,36,1
Jonathon Rumph,WR,,33,10
Ricky Collins,WR,,33,10
Damond Powell,WR,,32,10
Cam Worthy,WR,,32,10
Javess Blue,WR,,32,10
Des Lawrence,WR,,27,5
Mark Weisman,RB,,33,10
Matt LaCosse,TE,NE,29,7
Lee Ward,RB,,33,10
Clay Burton,TE,,32,10
Brandon Cottom,RB,,29,7
Synjyn Days,RB,,34,11
Ernst Brun,TE,,34,10
Zach D'Orazio,WR,,33,10
Ross Scheuerman,RB,,32,10
Logan Stokes,TE,,32,10
Dan Light,TE,,31,10
Devin Gardner,WR,,33,10
Matt Lengel,TE,,31,7
Ross Travis,TE,,29,6
Gannon Sinclair,TE,,28,7
Chris Manhertz,TE,NYG,34,11
Kendrick Ings,WR,,35,11
Jamel Johnson,WR,,30,6
Anthony Dable,WR,,33,6
Xavier Rush,WR,,29,6
Laquon Treadwell,WR,IND,31,10
William Fuller,WR,,27,6
Carson Wentz,QB,MIN,33,10
Jared Goff,QB,DET,31,10
Ezekiel Elliott,RB,,29,9
Paxton Lynch,QB,,27,6
Corey Coleman,WR,,28,6
Josh Doctson,WR,,29,6
Derrick Henry,RB,BAL,32,10
Michael Thomas,WR,,31,8
Sterling Shepard,WR,,33,10
Austin Hooper,TE,ATL,31,10
C.J. Prosise,RB,,27,6
Cody Kessler,QB,,28,6
Kenneth Dixon,RB,,27,6
Devontae Booker,RB,,29,6
Paul Perkins,RB,,27,6
Hunter Henry,TE,NE,31,10
Tyler Boyd,WR,,30,9
Bronson Kaufusi,TE,GB,30,6
Kenyan Drake,RB,,29,8
Jacoby Brissett,QB,ARI,33,10
Nick Vannett,TE,SEA,33,10
Chris Moore,WR,BAL,33,10
Tyler Higbee,TE,LAR,33,10
Pharoh Cooper,WR,,28,7
Tyler Ervin,RB,,28,6
Demarcus Robinson,WR,SF,31,10
Dak Prescott,QB,DAL,33,10
Seth DeValve,TE,,28,6
Tajae Sharpe,WR,,27,6
DeAndre Washington,RB,,28,6
Jordan Howard,RB,,28,6
Wendell Smallwood,RB,WAS,27,6
Jonathan Williams,RB,,30,8
Kevin Hogan,QB,,30,7
Trevor Davis,WR,,28,6
Tyreek Hill,WR,,31,10
Rashard Higgins,WR,,28,7
Temarrick Hemingway,TE,WAS,28,6
Moritz Bohringer,TE,,28,6
Jerell Adams,TE,,29,6
Jakeem Grant,WR,,32,8
Nate Sudfeld,QB,,31,9
Jake Rudock,QB,,28,6
Kolby Listenbee,WR,,27,6
Cody Core,WR,,28,6
Brandon Allen,QB,NYG,33,10
Jeff Driskel,QB,,32,10
Darius Jackson,RB,,28,6
Devin Lucien,WR,,28,6
Dwayne Washington,RB,,30,8
Devin Fuller,WR,,27,6
Keith Marshall,RB,,27,6
Kenny Lawler,WR,,27,6
Zac Brooks,RB,,32,9
Beau Sandland,TE,,28,6
Jake Coker,QB,,32,9
Devon Johnson,RB,,28,6
Mekale McKay,WR,,28,6
Robbie Chosen,WR,,32,10
Alex Erickson,WR,,32,9
Josh Woodrum,QB,,29,6
Marcus Johnson,WR,,28,7
Cayleb Jones,WR,,28,6
Josh Ferguson,RB,,28,6
Danny Anthrop,WR,,31,9
Joel Stave,QB,,29,6
Jared Dangerfield,WR,,32,9
Marquez North,WR,,26,6
Ben Braunecker,TE,,27,6
Keyarris Garrett,WR,,29,6
Johnny Holton,WR,,31,6
Chris Brown,WR,,28,6
D.J. Foster,RB,,28,6
Mike Bercovici,QB,,28,6
Stephen Anderson,TE,,31,8
Darion Griswold,TE,,29,6
Devon Cajuste,WR,,28,6
Geronimo Allison,WR,,28,6
Steven Scheu,TE,,29,6
Dom Williams,WR,,29,6
Jake McGee,TE,,30,6
K.J. Maye,WR,,27,6
Mitch Mathews,WR,,30,6
Jay Lee,WR,,31,9
Marquise Williams,QB,,32,9
Marshaun Coprich,RB,,30,9
Jamaal Jones,WR,,28,6
DeAndre Reaves,WR,,32,9
Jamal Robinson,WR,,28,6
Max Wittek,QB,,31,9
David Reeves,TE,,32,9
Canaan Severin,WR,,28,6
Christian Powell,RB,,31,9
Bryce Williams,TE,,28,6
Marken Michel,WR,,29,7
Brandon Ross,RB,,32,9
Chester Rogers,WR,,28,6
Marcus Leak,WR,,29,6
Michael Miller,TE,,33,9
Anthony Kelly,WR,,31,9
Peyton Barber,RB,,27,6
Kivon Cartwright,TE,,29,6
Dez Stewart,WR,,28,6
Amir Carlisle,WR,,32,9
Chris King,WR,,31,9
Tommylee Lewis,WR,,29,6
Sione Houma,RB,,30,9
Jordan Williams-Lambert,WR,,27,6
Durron Neal,WR,,31,9
Kalif Raymond,WR,CHI,32,10
Soma Vainuku,RB,,29,6
Quayvon Hicks,RB,,27,5
Matt Weiser,TE,,29,6
Mike Thomas,WR,,28,7
Reggie Diggs,WR,,28,6
Valdez Showers,WR,,28,6
J.D. McKissic,RB,,29,7
Joshua Perkins,TE,NYJ,28,6
Tra Carson,RB,,29,6
J.P. Holtz,TE,,30,7
Dennis Parks,WR,,30,9
Tevin Jones,WR,,29,6
Richard Mullaney,WR,,28,6
Brandon Shippen,WR,,27,6
Quenton Bundrage,WR,,33,9
Jason Vander Laan,TE,,29,6
Cedric O'Neal,RB,,27,6
Elijhaa Penny,RB,,28,6
Alstevis Squirewell,RB,,32,9
Brandon Brown-Dukes,RB,,29,6
Marcus Tucker,WR,,29,6
Alex Ellis,TE,,29,6
Duke Williams,WR,,28,6
Jaydon Mickens,WR,,30,8
Jalen Simmons,RB,,29,6
Jalen Richard,RB,LV,28,6
M.J. McFarland,TE,,29,6
Romar Morris,RB,,29,6
Reece Horn,WR,,28,6
Garrett Griffin,TE,,29,7
Marvin Hall,WR,,29,6
Eric Wallace,TE,,33,6
David Watford,WR,,28,6
Kendal Thompson,WR,,29,6
Harvey Binford,WR,,30,6
Nick Truesdell,TE,,31,6
Troymaine Pope,RB,,28,6
Blake Sims,QB,,30,5
Leonard Fournette,RB,,28,7
Mitchell Trubisky,QB,TEN,32,9
Jacob Huesman,QB,,28,5
Chris Briggs,TE,,29,5
Deshaun Watson,QB,CLE,30,9
Joe Mixon,RB,,29,9
DeShone Kizer,QB,,27,5
Dalvin Cook,RB,,29,8
Travis Wilson,TE,,28,5
David Njoku,TE,LAC,30,9
Christian McCaffrey,RB,SF,30,9
Alvin Kamara,RB,NO,31,9
Corey Davis,WR,,28,6
Chris Godwin,WR,TB,30,9
John Ross,WR,,29,7
Cooper Kupp,WR,SEA,33,9
JuJu Smith-Schuster,WR,,29,9
Joe Williams,RB,,28,5
Patrick Mahomes,QB,KC,30,9
Cyril Grayson,WR,,28,5
Chad Kelly,QB,,27,5
Mo Alie-Cox,TE,IND,32,9
O.J. Howard,TE,,28,6
Davis Webb,QB,,28,6
Evan Engram,TE,DEN,31,9
Mike Williams,WR,,30,8
Zay Jones,WR,,30,9
Curtis Samuel,WR,,29,9
Adam Shaheen,TE,,28,6
Gerald Everett,TE,,30,8
Kareem Hunt,RB,,30,9
Carlos Henderson,WR,,27,5
D'Onta Foreman,RB,,28,8
Taywan Taylor,WR,,26,5
C.J. Beathard,QB,,32,9
Chad Williams,WR,,27,5
Kenny Golladay,WR,,29,6
James Conner,RB,ARI,31,9
Amara Darboh,WR,,27,5
Jonnu Smith,TE,,30,9
Dede Westbrook,WR,,29,5
Samaje Perine,RB,CIN,30,9
Jamaal Williams,RB,,29,8
Wayne Gallman,RB,,28,6
Jake Butt,TE,,26,5
Marlon Mack,RB,,28,7
Jordan Leggett,TE,,26,5
Tarik Cohen,RB,,29,7
Josh Malone,WR,,26,5
Ryan Switzer,WR,,27,5
Jehu Chesson,WR,,28,5
Josh Reynolds,WR,,31,9
Chad Hansen,WR,,27,5
Mack Hollins,WR,NE,32,9
Joshua Dobbs,QB,DET,31,9
Nathan Peterman,QB,,32,9
Bucky Hodges,TE,,26,5
T.J. Logan,RB,,27,5
Brian Hill,RB,,27,6
Eric Saubert,TE,SEA,32,9
Isaiah McKenzie,WR,,29,8
Jamal Agnew,WR,,30,8
Aaron Jones,RB,MIN,31,9
DeAngelo Yancey,WR,,27,5
Rodney Adams,WR,,27,5
Shelton Gibson,WR,,27,5
George Kittle,TE,SF,32,9
Trent Taylor,WR,,31,9
Jeremy McNichols,RB,WAS,30,9
Jeremy Sprinkle,TE,,28,5
Mason Schreck,TE,,29,6
Noah Brown,WR,LV,30,9
Isaiah Ford,WR,,27,6
Elijah McGuire,RB,KC,27,5
Chris Carson,RB,,27,5
David Moore,WR,CAR,31,9
Khalfani Muhammad,RB,,27,5
Robert Davis,WR,,26,5
Ishmael Zamora,WR,,26,5
Josh Magee,WR,,30,5
Tyler Renew,RB,,27,5
Scott Orndoff,TE,,28,5
Johnny Mundt,TE,PHI,31,9
Zach Pascal,WR,,30,8
James Quick,WR,,27,5
Dalton Crossan,RB,,27,5
Darrell Daniels,TE,,28,6
Trey Griffey,WR,,27,5
Bug Howard,TE,,27,5
Colin Jeter,TE,,26,5
Jerome Lane,WR,,26,5
JoJo Natson,WR,,27,5
P.J. Walker,QB,,29,7
Levern Jacobs,WR,,29,5
C.J. Board,WR,,29,6
Taquan Mizzell,RB,NYG,28,5
Tim Patrick,WR,NYJ,32,9
Austin Duke,WR,,28,5
Fred Ross,WR,,26,5
Cethan Carter,TE,,27,6
Karel Hamilton,WR,,26,5
Monty Madaris,WR,,28,5
Stanley Williams,RB,,26,5
Taysom Hill,TE,,35,9
Aaron Peck,TE,,27,5
Kalif Phillips,RB,,27,5
Malcolm Lewis,WR,,28,5
Drew Morgan,WR,,27,5
Damore'ea Stringfellow,WR,,27,5
Wes Lunt,QB,,28,5
Terrell Newby,RB,,26,5
Josiah Price,TE,,28,5
R.J. Shelton,WR,,27,5
Austin Carr,WR,,28,5
Cody Hollister,WR,,29,6
Jacob Hollister,TE,,30,7
Brisly Estime,WR,,29,5
Anthony Firkser,TE,,31,9
Pharaoh Brown,TE,IND,32,9
Keon Hatcher,WR,,27,5
Victor Bolden,WR,,28,6
Kendrick Bourne,WR,ARI,31,9
Matt Breida,RB,,29,7
K.D. Cannon,WR,,26,5
Tyler McCloskey,RB,,27,5
Nick Mullens,QB,JAX,31,9
Antony Auclair,TE,,29,5
Sefo Liufau,QB,,27,5
Thomas Sperbeck,WR,,27,5
Bobo Wilson,WR,,26,5
William Stanback,RB,,27,5
Gehrig Dieter,WR,,29,5
Wyatt Houston,TE,CAR,23,1
Marcus Kemp,WR,,28,6
Alonzo Moore,WR,,29,5
Tony Stevens,WR,,26,5
John Robinson-Woodgett,RB,,28,5
Gabe Marks,WR,,27,5
B.J. Johnson,WR,,28,5
Devine Redding,RB,,25,5
Travin Dural,WR,,28,5
Krishawn Hogan,WR,,26,5
Trevor Knight,QB,,28,5
Ricky Seals-Jones,TE,,28,6
James Summers,RB,,27,5
Steven Wroblewski,TE,,29,5
Jason Croom,TE,,28,5
Jordan Johnson,RB,,27,5
Daikiel Shorts,WR,,27,5
Keith Towbridge,TE,,26,5
Joel Bouagnon,RB,,26,5
Tanner Gentry,WR,,28,6
Taylor McNamara,TE,,27,5
Brian Brown,WR,,27,5
Blake Jarwin,TE,,27,5
Cooper Rush,QB,ATL,32,9
Anthony Nash,WR,,28,5
Kyle Sloter,QB,,28,5
Brandon Barnes,TE,,27,5
Dontez Ford,WR,,27,5
Michael Rector,WR,,28,5
Noel Thomas,WR,,27,5
Robert Tonyan,TE,PIT,32,9
Evan Baylis,TE,,28,5
Zach Conque,QB,,27,5
Deante' Gray,WR,,27,5
Shaq Hill,WR,,28,5
Caleb Bluiett,TE,,28,5
Keelan Cole,WR,,31,7
Tim Cook,RB,,27,5
Amba Etta-Tawo,WR,,28,5
I'Tavius Mathers,RB,,28,5
Lenard Tillery,RB,,28,5
Keeon Johnson,WR,,27,5
Colin Thompson,TE,,29,6
Billy Brown,TE,,28,5
Corey Clement,RB,,29,6
Sean Culkin,TE,,28,5
Austin Ekeler,RB,,30,9
Eli Jenkins,QB,,27,5
Andre Patton,WR,,27,5
Artavis Scott,WR,,27,5
Darreus Rogers,WR,,28,5
Tyrone Swoopes,TE,,27,5
Larry Clark,WR,,28,5
Trey Edmunds,RB,,27,5
Khalid Abdullah,RB,,26,5
Kevin Snead,WR,,30,5
Tyler Ferguson,QB,,28,5
KeVonn Mabon,WR,,28,5
Gio Pascascio,WR,,27,5
Dare Ogunbowale,RB,LV,32,9
Shakeir Ryan,WR,,26,5
Phazahn Odom,TE,,27,5
Mitchell Paige,WR,,28,5
Bart Houston,QB,,29,5
Sam Cotton,TE,,27,5
Alex Gray,TE,,30,5
Colby Pearson,WR,,26,5
Dan Arnold,TE,,28,6
Barrett Burns,TE,BAL,23,1
Stevie Donatell,TE,,27,5
Cameron Posey,WR,,28,5
Lance Lenoir,WR,,28,6
Fred Brown,WR,,28,5
Adam Zaruba,TE,,30,5
De'Mard Llorens,RB,,27,5
De'Chavon Hayes,RB,,29,5
Bra'Lon Cherry,WR,,26,5
Kermit Whitfield,WR,,28,5
Jhajuan Seales,WR,,28,5
Jordan Westerkamp,WR,,27,5
Darius Victor,RB,,27,5
Josh Rounds,RB,,28,5
Nate Iese,TE,,27,5
Pig Howard,WR,,28,5
Brandon Radcliff,RB,,28,5
Marvin Bracy,WR,,28,5
De'Quan Hampton,WR,,27,5
Brian Riley,WR,,26,5
Jamari Staples,WR,,27,5
Keevan Lucas,WR,,26,5
Germone Hopper,WR,,28,5
Rashard Davis,WR,,26,5
Daniel Williams,WR,,26,5
Justice Liggins,WR,,27,5
Andrew Price,TE,,28,5
Darrius Sims,RB,,27,5
Mitch Leidner,QB,,27,5
Jerod Evans,QB,,27,5
River Cracraft,WR,WAS,31,9
Kent Taylor,TE,,28,4
Josh Rosen,QB,,25,5
Jevoni Robinson,TE,,29,5
Saquon Barkley,RB,PHI,29,8
Chris Bazile,TE,,30,4
Brandon Zylstra,WR,,29,5
Lamar Jackson,QB,BAL,29,8
Baker Mayfield,QB,TB,31,8
Lamar Atkins,WR,,27,4
Quincy McDuffie,WR,,31,9
Daryl Virgies,RB,,29,5
Rushel Shell,RB,,28,5
Zach Terrell,QB,BAL,24,1
Franko House,TE,CHI,23,1
Austin Appleby,QB,,28,5
Jalen Williams,WR,,27,5
Skyler Howard,QB,SEA,23,1
Al Riles,WR,IND,24,1
Speedy Noil,WR,,26,5
DeSean Smith,TE,,27,5
Marcell Ateman,WR,,29,5
Sam Darnold,QB,SEA,29,8
Derrius Guice,RB,,24,4
Christian Kirk,WR,SF,29,8
DJ Chark,WR,,28,7
Ronald Jones,RB,,27,7
Sony Michel,RB,,28,5
Mason Rudolph,QB,PIT,31,8
Hayden Hurst,TE,,31,7
Calvin Ridley,WR,TEN,31,8
DJ Moore,WR,BUF,29,8
Josh Allen,QB,BUF,30,8
Rashaad Penny,RB,,28,6
Nick Chubb,RB,,30,8
Dante Pettis,WR,BUF,30,8
Mike Gesicki,TE,CIN,30,8
Kalen Ballage,RB,,26,4
Ian Thomas,TE,LV,30,8
Kyle Lauletta,QB,,26,4
Mark Walton,RB,,24,4
DaeSean Hamilton,WR,,27,4
Chase Edmonds,RB,,29,8
Dalton Schultz,TE,HOU,30,8
Ito Smith,RB,DAL,26,4
Jaleel Scott,WR,,26,4
Keke Coutee,WR,,26,5
Durham Smythe,TE,BAL,31,8
Chris Herndon,TE,,26,4
Will Dissly,TE,,29,8
Mark Andrews,TE,BAL,30,8
Anthony Miller,WR,,30,7
Dallas Goedert,TE,PHI,31,8
James Washington,WR,,28,6
Tre'Quan Smith,WR,,28,6
Jordan Akins,TE,,33,8
Michael Gallup,WR,,29,7
Courtland Sutton,WR,DEN,30,8
Royce Freeman,RB,,29,8
Ronald Jones,RB,,26,5
Kerryon Johnson,RB,,24,4
John Kelly,RB,,28,7
Damion Ratley,WR,,26,4
Marquez Valdes-Scantling,WR,DAL,31,8
Mike White,QB,,30,8
Troy Fumagalli,TE,,29,6
Ryan Izzo,TE,,26,4
Ray-Ray McCloud,WR,CHI,29,8
Jordan Wilkins,RB,,29,5
Deon Cain,WR,,29,7
Daurice Fountain,WR,,28,6
Dylan Cantrell,TE,,27,4
Jaylen Samuels,RB,,25,4
Luke Falk,QB,,27,4
Russell Gage,WR,,29,7
Javon Wims,WR,,28,5
Bo Scarbrough,RB,,25,4
Cedrick Wilson,WR,DET,30,8
Jordan Thomas,TE,,28,6
Danny Etling,QB,,29,5
Braxton Berrios,WR,NYG,30,8
Boston Scott,RB,,29,6
Trenton Cannon,RB,,28,5
Alex McGough,QB,,29,7
Damoun Patterson,WR,,27,4
Austin Proehl,WR,,26,4
Kyle Allen,QB,BUF,30,8
Logan Woodside,QB,,30,8
Adonis Jennings,WR,,26,4
Auden Tate,WR,,26,5
Justin Jackson,RB,,26,5
Steven Mitchell,WR,,27,4
Tyler Conklin,TE,DET,31,8
Keith Kirkwood,WR,,31,8
Josh Adams,RB,,25,4
Richie James,WR,,28,6
Martez Carter,RB,,28,4
Trey Quinn,WR,,27,5
Jaelon Acklin,WR,,26,4
Kurt Benkert,QB,,27,4
Demario Richard,RB,,25,4
Malik Williams,RB,,25,4
Trent Sherfield,WR,BUF,30,8
Corey Willis,WR,,26,4
Andrew Vollert,TE,,26,4
Reggie Bonnafon,RB,,27,5
Ryan Nall,RB,,26,4
Da'Mari Scott,WR,,26,4
Dalton Sturm,QB,,26,4
Jordan Chunn,RB,,27,4
Malik Earl,WR,,25,4
Phillip Lindsay,RB,,28,4
Kevin Rader,TE,,29,6
Davon Grayson,WR,,26,4
Allen Lazard,WR,,30,7
Akrum Wadley,RB,,26,4
Ethan Wolf,TE,,26,4
Rico Gafford,WR,,26,4
Byron Pringle,WR,,30,6
Terry Swanson,RB,,25,4
Marchie Murdock,WR,,27,4
Mike Boone,RB,,30,7
Korey Robertson,WR,,26,4
Jake Wieneke,WR,,27,4
Jason Reese,TE,,26,4
Godwin Igwebuike,RB,,29,6
Caleb Scott,WR,TEN,25,4
J.T. Barrett,QB,,26,4
Cole Hunt,TE,,26,4
Marcus Baugh,TE,,27,4
David Wells,TE,,29,6
Kyle Lewis,WR,,26,4
Lamar Jordan,QB,,27,4
Christian Blake,WR,,26,4
Dontez Byrd,WR,,26,4
Detrich Clark,WR,,27,4
Devin Gray,WR,,27,4
Troy Mangen,TE,,27,4
Jake Roh,TE,,27,4
Gus Edwards,RB,,29,7
Andre Levrone,WR,,26,4
Robert Foster,WR,,28,4
Ray Lawry,RB,,25,4
Jordan Franks,TE,,27,5
Jimmy Williams,WR,,26,4
Teo Redding,WR,,27,4
Tim Boyle,QB,,30,7
Vyncint Smith,WR,,27,5
Jester Weah,WR,,26,4
Chase Litton,QB,,26,4
Blake Mack,TE,,25,4
Nic Shimonek,QB,,27,4
Ben Johnson,TE,,27,4
Codey McElroy,TE,,29,4
Buddy Howell,RB,,26,4
Kamryn Pettway,RB,,26,4
Jeff Badet,WR,,27,4
Tyler Hoppes,TE,,26,4
Deon Yelder,TE,,27,4
Jarvion Franklin,RB,,26,4
Ka'Raun White,WR,,28,4
Jeff Wilson,RB,,30,8
Ross Dwelley,TE,,30,8
Austin Allen,QB,,27,4
Cameron Batson,WR,,27,4
Deontay Burnett,WR,,26,6
Devin Ross,WR,,28,5
Jordan Veasy,WR,,27,4
Mikah Holder,WR,,25,4
De'Mornay Pierson-El,WR,,26,4
Antonio Callaway,WR,,26,5
James Looney,TE,,26,4
Equanimeous St. Brown,WR,,28,7
Nyheim Miller-Hines,RB,,29,8
Anthony Manzo-Lewis,TE,,26,4
Dorren Miller,WR,,27,4
Justin Watson,WR,HOU,30,8
Jonah Trinnaman,WR,,25,4
Alec Bloom,TE,,25,4
Jack Heneghan,QB,,25,4
Shaun Wilson,RB,,26,4
Justin Crawford,RB,,26,4
Peter Pujals,QB,,26,4
Ervin Philips,RB,,26,4
Sergio Bailey,WR,,27,4
Tanner Hudson,TE,CIN,31,8
John Diarse,WR,,27,4
LaQuvionte Gonzalez,WR,,28,4
Ricky Jeune,WR,,28,4
Shay Fields,WR,,25,4
Cam Sims,WR,,28,6
Christopher Ezeala,RB,,26,6
Mark Thompson,RB,,27,4
De'Lance Turner,RB,,26,4
Nick Keizer,TE,,26,4
Christian Scotland-Williamson,TE,,28,7
Evan Berry,WR,,26,4
Dontrell Hilliard,RB,,28,5
Derrick Willies,WR,,27,4
Ryan Smith,TE,,25,4
Elijah Marks,WR,,26,4
Darrel Williams,RB,,28,5
John David Moore,RB,,26,4
Marcus Martin,RB,,26,4
Chad Beebe,WR,,28,4
Chris Warren,RB,,25,4
Jordan Smallwood,WR,,26,4
Brogan Roback,QB,,27,4
Devonte Boyd,WR,,27,4
Anthony Mahoungou,WR,,27,4
Larry Rose,RB,,26,4
Dalyn Dawkins,RB,,27,4
Garrett Johnson,WR,,26,4
Chris Lacy,WR,,27,5
Shane Wimann,RB,,27,4
Brandon Powell,WR,,29,7
Zach Olstad,RB,,28,4
Matt Fleming,WR,,25,4
Robert Martin,RB,,26,4
Deontez Alexander,WR,,26,4
John Franklin,WR,,27,4
Luis Perez,QB,,30,6
Nick Holley,WR,,27,4
Tim Wilson,WR,,27,4
Ryan Yurachek,TE,,25,4
Darvin Kidsy,WR,,26,4
Clayton Wilson,TE,,27,4
C.J. Duncan,WR,,26,4
Eldridge Massington,WR,NO,24,1
Nick Stevens,QB,,24,1
Kayaune Ross,WR,,27,4
Garrett Hudson,TE,,26,4
Austin Roberts,TE,,26,4
Sherman Badie,RB,,27,4
Jaeden Graham,TE,,27,4
Garrett Dickerson,TE,,26,4
Josh Crockett,WR,,26,4
Josh Smith,WR,,27,4
Aaron Lacombe,WR,,26,4
KhaDarel Hodge,WR,SF,31,8
Cam Serigne,TE,,27,4
Jared Murphy,WR,,27,4
Malachi Jones,WR,,27,6
Malik Turner,WR,SF,30,8
James Butler,RB,,26,4
Marcus Peterson,WR,,29,4
Bryce Bobo,WR,,26,4
Gerald Holmes,RB,,27,4
Austin Wolf,WR,,25,2
Darren Carrington,WR,,27,4
Darius Prince,WR,,31,10
Justin Stockton,RB,,26,4
Kobe McCrary,RB,,27,4
John Wolford,QB,,30,8
Diontae Spencer,WR,,31,9
Bryant Mitchell,WR,,29,3
T.J. Hockenson,TE,MIN,29,7
DK Metcalf,WR,PIT,28,7
Marquise Brown,WR,PHI,29,7
Kyler Murray,QB,MIN,29,7
Josh Jacobs,RB,GB,28,7
Drew Lock,QB,SEA,29,7
Noah Fant,TE,NO,28,7
A.J. Brown,WR,NE,29,7
J.J. Arcega-Whiteside,WR,,26,4
Daniel Jones,QB,IND,29,7
Deebo Samuel,WR,SF,30,7
Riley Ridley,WR,,25,3
N'Keal Harry,TE,,26,5
Parris Campbell,WR,,28,7
Kelvin Harmon,WR,,28,6
Ryan Finley,QB,,27,3
Hakeem Butler,TE,DEN,30,7
Bryce Love,RB,,24,3
Damien Harris,RB,,27,5
David Montgomery,RB,HOU,29,7
Penny Hart,WR,,27,4
Will Grier,QB,,31,7
Dawson Knox,TE,BUF,29,7
Jalen Hurd,WR,,27,4
Andy Isabella,WR,,28,6
Darrell Henderson,RB,,26,4
Mecole Hardman,WR,BUF,28,7
Rodney Anderson,RB,,25,3
Elijah Holyfield,RB,,25,4
Emanuel Hall,WR,,24,3
Terry McLaurin,WR,WAS,30,7
Anthony Johnson,WR,,26,3
Diontae Johnson,WR,,29,6
Lil'Jordan Humphrey,WR,DEN,28,7
Felton Davis,WR,,24,3
Jakobi Meyers,WR,JAX,29,7
Nyqwan Murray,WR,,24,3
Hunter Renfrow,WR,,30,7
Isaac Nauta,TE,GB,24,3
Jalin Moore,RB,,26,3
KeeSean Johnson,WR,,26,4
Miles Boykin,WR,,29,6
Tony Pollard,RB,TEN,29,7
Greg Dortch,WR,DET,28,7
Josh Oliver,TE,MIN,29,7
Trace McSorley,QB,,29,5
Alize Mack,TE,,26,4
Karan Higdon,RB,,25,3
Terry Godwin,WR,,25,3
Myles Gaskin,RB,,28,6
Anthony Ratliff-Williams,WR,,24,3
Foster Moreau,TE,HOU,29,7
Alexander Mattison,RB,,27,7
Justice Hill,RB,BAL,28,7
Jazz Ferguson,WR,,25,3
Drew Sample,TE,CIN,30,7
Qadree Ollison,RB,,27,4
Ryquell Armstead,RB,,25,3
Gardner Minshew,QB,ARI,30,7
Travis Homer,RB,PIT,28,7
Dax Raymond,TE,PIT,27,3
DaMarkus Lodge,WR,,24,3
Zach Gentry,TE,,27,5
Johnnie Dixon,WR,,27,3
Nick Brossette,RB,,25,3
Alex Barnes,RB,,25,3
Keelan Doss,WR,,28,5
Ryan Davis,WR,,24,3
Brett Rypien,QB,HOU,30,7
Ty Johnson,RB,BUF,28,7
Tyree Jackson,TE,,28,7
Gary Jennings,WR,,26,4
Dillon Mitchell,WR,,24,3
Tyre Brady,WR,,26,3
Travis Fulgham,WR,,27,4
Tyron Billy-Johnson,WR,,28,5
Devine Ozigbo,RB,,27,4
Stanley Morgan,WR,,28,6
Bruce Anderson,RB,,24,3
Donald Parham,TE,,28,7
Jesper Horsted,TE,,27,5
Kendall Blanton,TE,,27,4
Bisi Johnson,WR,,25,4
Daniel Helm,TE,,28,4
Jamal Custis,WR,,24,1
Emmanuel Butler,WR,,25,3
Jacques Patrick,RB,,27,4
Jake Browning,QB,TB,30,7
Wes Hills,RB,,26,3
Irv Smith,TE,,27,6
Devin Singletary,RB,NYG,28,7
Jarrett Stidham,QB,DEN,30,7
Tommy Sweeney,TE,,29,6
Jace Sternberger,TE,,27,4
Caleb Wilson,TE,,25,3
Trayveon Williams,RB,DET,28,7
Kaden Smith,TE,,26,4
Clayton Thorson,QB,NYG,26,3
Preston Williams,WR,,26,4
Darius Slayton,WR,NYG,29,7
Miles Sanders,RB,,28,7
Dexter Williams,RB,,25,3
David Sills,WR,TB,30,7
Jaylen Smith,WR,,25,3
Benny Snell,RB,,25,4
Mike Weber,RB,,24,3
L.J. Scott,RB,,25,3
Alex Wesley,WR,,26,3
Kahale Warring,TE,,25,3
Antoine Wesley,WR,,25,4
Jordan Scarlett,RB,MIA,26,3
John Ursua,WR,,28,3
Cody Thompson,WR,,29,6
Kerrith Whyte,RB,GB,25,3
Darwin Thompson,RB,,26,4
Trevon Wesco,TE,,29,5
Easton Stick,QB,IND,30,7
Aca'Cedric Ware,RB,,24,3
Damon Sheehy-Guiseppi,WR,,26,3
Christian Wade,RB,,30,3
Valentine Holmes,RB,,26,3
Brandon Silvers,QB,,27,3
Ishmael Hyman,WR,,27,3
Juwann Winfree,WR,HOU,29,7
Nick Easley,WR,,24,3
John Lovett,QB,,27,4
Matt Sokol,TE,,30,7
Deonte Harty,WR,,27,6
Travon McMillian,RB,,25,3
Wilton Speight,QB,,27,3
Tyree Mayfield,TE,,26,3
Malik Taylor,WR,,29,6
Jeremy Cox,RB,,25,3
Jason Moore,WR,,28,4
Trevion Thompson,WR,,26,3
Darnell Holland,RB,,25,3
Jake Powell,TE,,25,3
Reggie White,WR,,25,3
Trevor Wood,TE,,25,3
Kyle Shurmur,QB,,25,3
Olamide Zaccheaus,WR,ATL,29,7
Brandon Dillon,TE,,26,4
Marcus Green,WR,,25,3
Scotty Miller,WR,CHI,29,7
Cullen Gillaspia,RB,,27,4
Ian Bunting,TE,,27,4
Patrick Laird,RB,,28,5
Jacob Dolegala,QB,,25,3
Jordan Ellis,RB,,25,3
Jonathan Duhart,WR,,25,3
Xavier Ubosi,WR,,27,3
Andrew Beck,RB,NYJ,30,7
Damarea Crockett,RB,,25,4
Stephen Louis,WR,,26,3
Manny Wilkins,QB,,26,3
Matt Colburn,RB,,27,6
Shawn Bane,WR,,26,3
Kahlil Lewis,WR,,24,3
C.J. Worton,WR,,25,3
Raphael Leonard,WR,,24,3
Dredrick Snelson,WR,,23,3
Michael Walker,WR,,25,3
Papi White,WR,,25,3
Carson Meier,TE,,26,3
Damion Jeanpiere,WR,,25,3
Drew Anderson,QB,,26,3
Xavier Turner,RB,,27,3
A.J. Richardson,WR,,26,3
Drew Belcher,TE,,25,3
Jerome Washington,TE,,27,3
Davion Davis,WR,,27,5
Alexander Hollins,WR,,25,3
Justin Sumpter,WR,,25,3
Matt Colburn,RB,,25,3
Alex Bachman,WR,LAR,30,7
Nsimba Webster,WR,,29,6
Romello Brooker,TE,,26,3
Keenen Brown,TE,,26,3
Johnathan Lloyd,WR,,26,3
Trinity Benson,WR,,26,4
Austin Fort,TE,,26,3
T.J. Rahming,WR,,25,3
Steven Sims,WR,,28,7
Jon'Vea Johnson,WR,,26,3
Jalen Guyton,WR,,27,5
Ashton Dulin,WR,IND,29,7
Kelvin McKnight,WR,,24,3
Hale Hentges,TE,,25,3
Eric Dungey,QB,,25,3
Jon Hilliman,RB,,26,3
Darrin Hall,RB,,25,3
Dorian Baker,WR,,25,3
David Blough,QB,,28,5
Stephen Carlson,TE,CHI,29,7
D.J. Montgomery,WR,IND,29,7
Sean Modster,WR,,26,3
Cole Herdman,TE,,26,3
Ellis Richardson,TE,,26,3
Thomas Ives,WR,CHI,25,3
Matthew Eaton,WR,,26,3
Davis Koppenhaver,TE,,25,3
Charles Scarff,TE,,25,3
Adam Choice,RB,,26,3
Terry Wright,WR,,24,3
Justin Johnson,TE,,25,3
C.J. Conrad,TE,,25,3
Trayone Gray,RB,,26,3
Darrius Shepherd,WR,,27,4
Chris Myarick,TE,LV,30,7
Nate Becker,TE,,26,3
Devontae Jackson,RB,,25,3
DeAndre Thompkins,WR,GB,26,3
Marcus Marshall,RB,,24,3
Damion Willis,WR,,24,3
Malik Henry,WR,,24,3
Austin Walter,RB,,27,5
Shawn Poindexter,WR,,26,3
Jeff Smith,WR,,27,5
Tony Brooks-James,RB,,27,3
Tom Kennedy,WR,DET,30,7
Michael Colubiale,TE,,26,3
Charles Jones,TE,,25,3
Dontae Strickland,RB,,24,3
Spencer Schnell,WR,,27,3
Devlin Hodges,QB,,25,3
Trenton Irwin,WR,SF,30,7
Cortrelle Simpson,WR,,25,3
Nick Fitzgerald,QB,,25,3
Isaiah Searight,TE,,24,3
Isaac Zico,WR,,25,3
Ventell Bryant,WR,,25,3
Nico Evans,RB,,25,3
Craig Reynolds,RB,WAS,30,7
Joseph Parker,WR,,25,3
Parker Hesse,TE,,29,5
A.J. Ouellette,RB,,26,3
Jody Fortson,TE,,29,6
Jalen Greene,WR,,25,3
Joe Horn,WR,,27,3
Joe Horn,WR,,27,3
D'Ernest Johnson,RB,TEN,30,7
Floyd Allen,WR,,25,3
Gunner Olszewski,WR,NYG,29,7
Fred Trevillion,WR,,27,3
Taj McGowan,RB,,25,3
Josh Caldwell,RB,,25,3
Marcus Simms,WR,,26,5
Jamarius Way,WR,,25,3
Vincent Testaverde,QB,,25,3
Joe Walker,WR,,26,3
Jackson Harris,TE,,24,3
Jordan Ta'amu,QB,,25,4
Micky Crum,TE,,26,3
Marquis Young,RB,,26,3
Greg Ward,WR,,29,7
Derrick Gore,RB,,29,5
Tavonn Salter,WR,,25,3
Darion Clark,TE,,27,2
Reggie Begelton,WR,,28,2
Tua Tagovailoa,QB,ATL,28,6
Joe Burrow,QB,CIN,29,6
Chris Streveler,QB,,28,3
Jerry Jeudy,WR,CLE,27,6
CeeDee Lamb,WR,DAL,27,6
Henry Ruggs,WR,,22,2
D'Andre Swift,RB,CHI,27,6
Justin Jefferson,WR,MIN,27,6
Justin Herbert,QB,LAC,28,6
Jalen Reagor,WR,MIA,27,6
Tee Higgins,WR,CIN,27,6
Brandon Aiyuk,WR,SF,28,6
Jordan Love,QB,GB,27,6
KJ Hamler,WR,,26,5
J.K. Dobbins,RB,DEN,27,6
Jonathan Taylor,RB,IND,27,6
Laviska Shenault,WR,,26,5
Michael Pittman,WR,PIT,28,6
Clyde Edwards-Helaire,RB,,26,6
Jake Fromm,QB,,26,5
Jacob Eason,QB,,26,4
Donovan Peoples-Jones,WR,,26,5
Cole Kmet,TE,CHI,27,6
AJ Dillon,RB,CAR,28,6
Kalija Lipscomb,WR,,24,2
Jared Pinkney,TE,,26,3
Albert Okwuegbunam,TE,LV,28,6
Zack Moss,RB,,27,5
Hunter Bryant,TE,,23,2
Devin Duvernay,WR,ARI,28,6
Denzel Mims,WR,DAL,28,6
Harrison Bryant,TE,,28,6
Van Jefferson,WR,WAS,30,6
Collin Johnson,WR,,27,5
Colby Parkinson,TE,LAR,27,6
KJ Hill,WR,LAC,24,2
Adam Trautman,TE,DEN,29,6
Bryan Edwards,WR,,24,3
Austin Mack,WR,,26,4
Anthony McFarland,RB,,25,4
Quartney Davis,WR,,24,2
Ke'Shawn Vaughn,RB,,28,5
Chase Claypool,WR,,26,4
Nate Stanley,QB,,24,2
Mitchell Wilcox,TE,,28,5
Quintez Cephus,WR,,27,6
Anthony Gordon,QB,,25,2
Jalen Hurts,QB,PHI,28,6
Antonio Gandy-Golden,TE,,24,2
La'Mical Perine,RB,,26,4
Lynn Bowden,WR,,26,4
Joe Reed,WR,,25,3
Salvon Ahmed,RB,CHI,27,6
Thaddeus Moss,TE,,24,2
Isaiah Hodgins,WR,NYG,27,6
Brycen Hopkins,TE,,27,4
Quez Watkins,WR,PHI,28,6
DeeJay Dallas,RB,JAX,27,6
Charlie Taumoepeau,TE,,23,2
Cam Akers,RB,,26,6
Binjimen Victor,WR,,26,3
Gabe Davis,WR,,26,6
Antonio Gibson,RB,,27,6
Eno Benjamin,RB,,25,4
Cole McDonald,QB,,23,2
James Robinson,RB,,26,4
Devin Asiasi,TE,,26,4
James Proche,WR,,29,6
LeVante Bellamy,RB,,25,2
Tyler Johnson,WR,DAL,27,6
Patrick Taylor,RB,SF,28,6
Sean McKeon,TE,IND,28,6
Javon Leake,RB,,23,2
Aaron Fuller,WR,,24,2
Stephen Sullivan,TE,,28,5
J.J. Taylor,RB,,27,5
Cheyenne O'Grady,TE,,25,1
Tony Jones,RB,,27,5
Dezmon Patmon,WR,,25,3
Raymond Calais,RB,,24,2
Marquez Callaway,WR,,27,5
Michael Warren,RB,DET,23,2
Dominick Wood-Anderson,TE,,23,2
JaMycal Hasty,RB,NE,29,6
Brian Herrien,RB,,23,2
Juwan Johnson,TE,NO,29,6
Scottie Phillips,RB,,24,2
Brian Lewerke,QB,,25,2
Trishton Jackson,WR,,27,5
Steven Montez,QB,,26,3
Jacob Breeland,TE,,25,2
Rico Dowdle,RB,PIT,28,6
Tyrie Cleveland,WR,,26,4
Kendrick Rogers,WR,,24,2
Darius Anderson,RB,,25,2
Cody White,WR,SEA,27,6
Joshua Kelley,RB,,27,5
Benny LeMay,RB,CLE,24,2
Jauan Jennings,WR,MIN,29,6
Josiah Deguara,TE,SF,29,6
Darrell Stewart,WR,,25,2
Shea Patterson,QB,,24,2
Darrynton Evans,RB,,27,5
Eli Wolf,TE,,24,2
K.J. Osborn,WR,TEN,29,6
Charlie Woerner,TE,ATL,28,6
Jeff Thomas,WR,,24,2
Tony Brown,WR,,24,2
Pete Guerriero,RB,,23,2
Omar Bayless,WR,,25,2
James Morgan,QB,,26,3
Dalton Keene,TE,,26,5
Tyler Huntley,QB,BAL,28,6
Jake Luton,QB,,28,5
Isaiah Coulter,WR,,24,3
John Hightower,WR,,27,3
Jonathan Ward,RB,BAL,28,6
Xavier Jones,RB,,24,2
Darnell Mooney,WR,NYG,28,6
Aaron Parker,WR,,24,2
Chris Finke,WR,,26,2
Adrian Killins,RB,DEN,24,2
Ty'Son Williams,RB,,26,3
Derrick Dillon,WR,,26,2
Rodney Smith,RB,,25,2
Tavien Feaster,RB,ARI,24,2
Lawrence Cager,TE,WAS,29,6
Jason Huntley,RB,,25,3
Malcolm Perry,WR,,25,2
Tyler Davis,TE,,28,5
Freddie Swain,WR,,26,4
Ben DiNucci,QB,,29,6
Tommy Stevens,TE,NYG,25,2
J'Mar Smith,QB,,25,2
Josh Love,QB,,25,2
Riley Neal,QB,,25,2
Reid Sinnett,QB,,26,3
Shane Leatherbury,WR,,24,2
Ryan Becker,TE,,24,2
Mikey Daniel,RB,,25,2
Jalen McCleskey,WR,,24,2
Juwan Green,WR,,25,3
Chris Rowland,WR,,24,2
Caleb Repp,TE,,24,2
Bronson Rechsteiner,RB,,24,2
Jaylon Moore,WR,,27,4
Reggie Gilliam,RB,NE,29,6
Kendall Hinton,WR,,26,3
Zimari Manning,WR,,26,2
Trevontae Hights,WR,,24,2
Cam Sutton,TE,,25,2
Artavis Pierce,RB,,25,2
Ahmad Wagner,WR,,25,2
Andre Baccellia,WR,,29,6
Maurice Ffrench,WR,,24,2
Aleva Hifo,WR,,24,2
Devwah Whaley,RB,,24,2
Scotty Washington,WR,,28,6
Kevin Davidson,QB,,24,2
Ja'Marcus Bradley,WR,,26,3
Nate Wieting,TE,,24,2
Jalen Morton,QB,IND,24,2
Dylan Stapleton,TE,,23,2
Tyler Simmons,WR,,24,2
DeMichael Harris,WR,,24,2
Marvelle Ross,WR,,25,2
Josh Hammond,WR,,25,3
Ben Ellefson,TE,,26,3
Justice Shelton-Mosley,WR,,24,2
Nick Bowers,TE,,28,4
Siaosi Mariner,WR,,24,2
Darius Bradwell,RB,,25,2
Jared Rice,TE,,25,2
Jeff Cotton,WR,,26,3
Dalton Schoen,WR,,25,2
Earnest Edwards,WR,,23,2
Bryce Perkins,QB,,28,5
James Gilbert,RB,,26,2
Easop Winston,WR,,28,5
J.J. Koski,WR,,26,3
Brandon Polk,WR,,25,2
Kirk Merritt,WR,,26,3
Matt Cole,WR,,25,2
Bryce Sterk,TE,,25,2
Dan Chisena,WR,CAR,29,6
Nakia Griffin-Stewart,TE,,25,2
Will Hastings,WR,,25,2
Sean Riley,WR,,24,2
JoJo Ward,WR,,24,2
Case Cookus,QB,,27,3
Kyle Markway,TE,,25,2
Rysen John,TE,,24,2
George Campbell,WR,,25,2
Jermiah Braswell,WR,,24,2
Rashad Medaris,WR,,25,2
Devin Phelps,WR,,25,2
Parker Houston,TE,,24,2
Manasseh Bailey,WR,,24,2
Khalil Tate,WR,,23,2
Noah Togiai,TE,,26,4
Isaiah Wright,WR,,24,2
Sandro Platzgummer,RB,,25,3
Johnathon Johnson,WR,,25,2
Broc Rutter,QB,,24,2
Anthony Jones,RB,,24,2
Patrick Carr,RB,,26,2
Seth Dawkins,WR,,23,2
Tyler Mabry,TE,,28,5
Cameron Scarlett,RB,,25,2
Mason Kinsey,WR,TEN,27,6
Kristian Wilkerson,WR,,29,6
Tommy Hudson,TE,,27,4
Josh Pearson,WR,,24,2
Travis Jonsen,WR,,25,2
John Hurst,WR,,25,2
Michael Dereus,WR,,24,2
Isaiah Zuber,WR,,26,3
Jake Burt,TE,,25,2
Stephen Guidry,WR,,24,2
Connor Slomka,RB,,24,2
Nick Tiano,QB,,25,2
Nathan Cottrell,RB,,26,2
Napoleon Maxwell,RB,,25,2
Chase Harrell,TE,,25,2
Farrod Green,TE,,24,2
Nick Westbrook-Ikhine,WR,IND,29,6
Paul Quessenberry,TE,,30,2
Dominique Dafney,TE,,28,5
Connor Davis,TE,,27,2
Chris Blair,WR,ATL,28,5
Hunter Thedford,TE,,26,3
Trevor Lawrence,QB,JAX,26,5
DeVonta Smith,WR,PHI,27,5
Jaylen Waddle,WR,DEN,27,5
Mac Jones,QB,SF,27,5
Najee Harris,RB,NYG,28,5
Gary Brightwell,RB,CIN,28,5
Frank Darby,WR,,26,3
Feleipe Franks,TE,CAR,28,5
Anthony Schwartz,WR,,24,4
Seth Williams,WR,,25,4
Hunter Long,TE,JAX,28,5
Quintin Morris,TE,JAX,27,5
Jaret Patterson,RB,LAC,26,5
Zach Wilson,QB,NO,27,5
Gerrid Doaks,RB,,25,3
Amari Rodgers,WR,,24,2
Cornell Powell,WR,PIT,28,5
Travis Etienne,RB,NO,27,5
Tre Nixon,WR,,26,3
Amon-Ra St. Brown,WR,DET,26,5
Tyler Vaughns,WR,,25,1
CJ Marable,RB,,26,2
Warren Jackson,WR,,23,1
Deon Jackson,RB,,26,4
Blake Proehl,WR,,24,2
Kyle Pitts,TE,ATL,25,5
Tre' McKitty,TE,WAS,27,5
Jamie Newman,QB,,24,1
Marquez Stevenson,WR,,25,2
Whop Philyor,WR,,23,1
Ihmir Smith-Marsette,WR,ARI,26,5
Pooka Williams,RB,,23,1
Elijah Mitchell,RB,,28,5
Tutu Atwell,WR,MIA,26,5
Javian Hawkins,RB,,22,1
Ja'Marr Chase,WR,CIN,26,5
Terrace Marshall,WR,MIA,26,5
Kenny Gainwell,RB,TB,27,5
Brevin Jordan,TE,HOU,26,5
Nico Collins,WR,HOU,27,5
Rashod Bateman,WR,BAL,26,5
Kylin Hill,RB,,24,1
Damon Hazelton,WR,,25,1
Larry Rountree,RB,,24,2
Sage Surratt,TE,,26,3
Myron Mitchell,WR,,24,1
Austin Watkins,WR,,26,3
Khalil McClain,WR,,22,1
Kellen Mond,QB,,24,3
Jhamon Ausbon,WR,,22,1
Sam Ehlinger,QB,DEN,27,5
Davis Mills,QB,HOU,27,5
Dazz Newsome,WR,,24,2
Dyami Brown,WR,WAS,26,5
Javonte Williams,RB,DAL,26,5
Ian Book,QB,,26,4
Justin Fields,QB,KC,27,5
Trey Sermon,RB,ATL,27,5
Chuba Hubbard,RB,CAR,27,5
Tylan Wallace,WR,CLE,27,5
Elijah Moore,WR,PHI,26,5
Kenny Yeboah,TE,,27,5
Jermar Jefferson,RB,MIN,26,5
Pat Freiermuth,TE,PIT,27,5
Kylen Granson,TE,TEN,28,5
Shi Smith,WR,,25,3
Kyle Trask,QB,CAR,28,5
Kadarius Toney,WR,,25,3
Michael Carter,RB,TEN,27,5
Khalil Herbert,RB,,28,5
Demetric Felton,RB,,27,4
Trey Lance,QB,LAC,26,5
Rhamondre Stevenson,RB,NE,28,5
Dee Eskridge,WR,,28,5
Jonathan Adams,WR,,23,1
Darius Clark,RB,,25,1
Kai Locksley,WR,,25,1
Mathew Sexton,WR,,26,3
Sammis Reyes,TE,,29,4
Darece Roberson,WR,,23,1
Joshua Palmer,WR,BUF,26,5
Tommy Tremble,TE,CAR,26,5
Jacob Harris,WR,,28,4
Jaelon Darden,WR,,26,4
John Bates,TE,WAS,28,5
Kene Nwangwu,RB,NYJ,28,5
Dez Fitzpatrick,WR,,27,4
Josh Pederson,TE,,26,3
Bruno Labelle,TE,,24,1
Cary Angeline,TE,,24,1
Caleb Huntley,RB,,24,2
Antonio Nunn,WR,,25,1
Austin Trammell,WR,JAX,28,5
Dax Milne,WR,,25,4
Kawaan Baker,WR,,27,4
Ben Skowronek,WR,PIT,29,5
Jake Funk,RB,,26,3
Jalen Camp,WR,,26,3
Racey McMath,WR,,25,3
Chris Evans,RB,,27,4
Avery Williams,RB,,27,4
Simi Fehoko,WR,ARI,28,5
Noah Gray,TE,KC,27,5
Luke Farrell,TE,SF,28,5
Scooter Harrington,TE,,24,1
Miller Forristall,TE,,26,3
Brenden Knox,RB,,23,1
Nick Eubanks,TE,,26,2
Osirus Mitchell,WR,,23,1
T.J. Vasher,WR,,24,1
JaQuan Hardy,RB,,24,1
Artayvious Lynn,TE,,25,1
Brandon Smith,WR,PIT,27,5
Spencer Brown,RB,,25,3
Jeremiah Haydel,WR,,22,1
Bailey Gaither,WR,,26,2
Javon McKinley,WR,,24,1
Brock Wright,TE,DET,27,5
Dedrick Mills,RB,,25,1
Rico Bussey,WR,,24,1
Briley Moore,TE,,24,1
Stevie Scott,RB,,23,2
Dylan Soehner,TE,,25,1
Landen Akers,WR,,25,1
A.J. Rose,RB,,24,1
Carl Tucker,TE,,24,1
Hunter Kampmoyer,TE,,26,3
Nick Ralston,RB,,25,1
Zach Davidson,TE,,27,5
Michael Strachan,WR,,28,4
Jack Stoll,TE,CLE,28,5
B.J. Emmons,RB,,25,1
Connor Wedington,WR,,23,2
Cade Johnson,WR,,26,3
Tony Poljan,TE,,25,1
Collin Hill,QB,,24,1
DJ Turner,WR,,29,5
Garrett Groshek,RB,,24,1
Matt Bushman,TE,,28,3
Trey Ragas,RB,,25,1
Dillon Stoner,WR,,25,2
Shane Buechele,QB,BUF,28,5
Tarik Black,WR,DET,28,5
Josh Imatorbhebhe,WR,,23,1
Tim Jones,WR,JAX,28,5
Shaun Beyer,TE,,25,1
Devontres Dukes,WR,,24,1
Branden Mack,WR,,23,1
Landon Rice,TE,,24,1
Tre Harbison,RB,,23,1
Bernhard Seikovits,TE,,27,4
Nick Guggemos,TE,,27,2
Jibri Blount,TE,,25,1
Shane Zylstra,TE,BUF,29,5
Josh Johnson,RB,,24,1
Nate McCrary,RB,,25,3
Jake Hausmann,TE,,25,1
C.J. Saunders,WR,,27,2
Travis Toivonen,WR,,24,1
Matt Seybert,TE,,24,1
Michael Bandy,WR,DEN,28,5
Otis Anderson,RB,,23,1
Mekhi Sargent,RB,,25,2
K.J. Costello,QB,,25,1
Sal Cannella,TE,,29,3
Daniel Crawford,TE,,24,1
Corey Taylor,RB,,24,1
Michael Jacobson,TE,,28,4
Graham Adomitis,TE,,25,1
Mark Vital,TE,,25,1
Ryan Willis,QB,,25,1
Brayden Lenius,TE,,25,1
Nikola Kalinic,TE,CHI,29,4
DeVonte Dedmon,WR,,26,1
Jake Ferguson,TE,DAL,27,4
Cade Otton,TE,TB,27,4
Drake London,WR,ATL,25,4
Erik Ezukanma,WR,PHI,26,4
Jalen Wydermyer,TE,,22,1
Pierre Strong,RB,GB,27,4
Jalen Tolbert,WR,MIA,27,4
David Bell,WR,,24,3
Jahan Dotson,WR,ATL,26,4
Jerrion Ealy,RB,,23,1
Romeo Doubs,WR,NE,26,4
Zonovan Knight,RB,ARI,25,4
Hassan Haskins,RB,NE,26,4
Calvin Austin,WR,NYG,27,4
Wan'Dale Robinson,WR,TEN,25,4
Charlie Kolar,TE,LAC,27,4
Dameon Pierce,RB,PHI,26,4
Trey McBride,TE,ARI,26,4
Isaiah Likely,TE,NYG,26,4
Tyler Allgeier,RB,ARI,26,4
Khalil Shakir,WR,BUF,26,4
Treylon Burks,WR,WAS,26,4
Rachaad White,RB,WAS,27,4
George Pickens,WR,DAL,25,4
James Cook,RB,BUF,26,4
Zamir White,RB,SF,26,4
Justyn Ross,WR,,25,3
Alec Pierce,WR,IND,26,4
Jerome Ford,RB,WAS,26,4
Chris Olave,WR,NO,26,4
Jeremy Ruckert,TE,NYJ,26,4
Garrett Wilson,WR,NYJ,26,4
John Metchie,WR,CAR,26,4
Jameson Williams,WR,DET,25,4
Master Teague,RB,,23,2
Kyren Williams,RB,LAR,25,4
Kenneth Walker,RB,KC,25,4
Kennedy Brooks,RB,,24,1
Isaiah Spiller,RB,,23,3
Brian Robinson,RB,ATL,27,4
Breece Hall,RB,NYJ,25,4
Bailey Zappe,QB,NYJ,27,4
Carson Strong,QB,,23,1
Desmond Ridder,QB,,26,4
Kenny Pickett,QB,CAR,28,4
Malik Willis,QB,MIA,27,4
Sam Howell,QB,DAL,25,4
Matt Corral,QB,,25,2
Dontario Drummond,WR,,26,1
Christian Watson,WR,GB,27,4
Skyy Moore,WR,GB,25,4
James Mitchell,TE,CAR,27,4
Kyle Philips,WR,,26,3
Greg Dulcich,TE,MIA,26,4
ZaQuandre White,RB,,24,1
Kevin Harris,RB,,24,3
Reggie Roberson,WR,,24,1
Danny Gray,WR,PHI,27,4
Grant Calcaterra,TE,PHI,27,4
Braylon Sanders,WR,,26,3
Snoop Conner,RB,,24,2
Jalen Nailor,WR,LV,27,4
Connor Heyward,TE,LV,27,4
Chase Allen,TE,,26,1
Brock Purdy,QB,SF,26,4
D'Vonte Price,RB,,23,1
Johnny Johnson,WR,,26,3
CJ Verdell,RB,,23,1
Tyquan Thornton,WR,KC,26,4
Trestan Ebner,RB,,24,1
Abram Smith,RB,,24,1
Slade Bolden,WR,,24,2
Curtis Hodges,TE,,25,2
E.J. Perry,QB,,26,2
Jashaun Corbin,RB,DAL,26,4
Ronnie Rivers,RB,LAR,27,4
Ty Fryfogle,WR,,24,2
Peyton Hendershot,TE,,25,3
Charleston Rambo,WR,,24,2
D'Eriq King,QB,,25,2
Kevin Austin,WR,NO,26,4
Jack Coan,QB,,24,1
Michael Woods,WR,DEN,26,4
Bo Melton,WR,GB,27,4
Isiah Pacheco,RB,DET,27,4
Skylar Thompson,QB,BAL,29,4
Tyler Goodson,RB,ATL,25,4
Tyler Badie,RB,DEN,26,4
Makai Polk,WR,,23,3
Chig Okonkwo,TE,WAS,26,4
Tyrion Davis-Price,RB,,24,3
Dustin Crum,QB,,24,1
Dai'Jean Dixon,WR,,24,2
Cole Turner,TE,MIA,26,4
Austin Allen,TE,,24,1
Leddie Brown,RB,,22,1
Max Borghi,RB,,22,1
Jelani Woods,TE,NYJ,27,4
Sincere McCormick,RB,SF,25,4
Keaontay Ingram,RB,,26,4
Josh Johnson,WR,,23,2
Velus Jones,WR,SEA,29,4
Cole Kelley,QB,,25,1
Daniel Bellinger,TE,TEN,25,4
Greg Bell,RB,,25,2
Teagan Quitoriano,TE,ARI,26,4
Jaylen Warren,RB,PIT,27,4
Isaiah Weston,WR,,25,1
Ty Chandler,RB,NO,28,4
Jaquarii Roberson,WR,,24,1
Mataeo Durant,RB,,23,1
Jaivon Heiligh,WR,,23,1
Samori Toure,WR,PHI,28,4
Jerreth Sterns,WR,,23,1
Emeka Emezie,WR,,23,1
Ricky Person,RB,,24,1
BJ Baylor,RB,,24,1
Anthony Brown,QB,,26,3
DeAndre Torrey,RB,,24,1
Derrick Deese,TE,,24,2
Bryant Koback,RB,,26,2
Gerrit Prince,TE,,26,2
Kalil Pimpleton,WR,,24,1
Lucas Krull,TE,DEN,28,4
Tay Martin,WR,DET,28,4
Calvin Jackson,WR,,25,1
Deven Thompkins,WR,LV,26,4
Julius Chestnut,RB,TEN,25,4
Raheem Blackshear,RB,DET,28,4
T.J. Pledger,RB,,22,1
Jordan Mason,RB,MIN,27,4
Tyler Snead,WR,,22,1
Devon Allen,WR,,29,2
Chris Oladokun,QB,KC,28,4
Britain Covey,WR,PHI,29,4
Jalen Virgil,WR,,28,4
Stanley Berryhill,WR,,24,1
Jack Sorenson,WR,,25,1
Mike Harley,WR,,26,2
Brittain Brown,RB,CHI,28,4
Kevin Marks,RB,,24,1
Zander Horvath,RB,,25,2
Levi Lewis,QB,,24,1
Chase Garbers,QB,,24,1
Cade Brewer,TE,,24,1
Kwamie Lassiter,WR,,26,2
Neil Pau'u,WR,,27,1
Thomas Hennigan,WR,,24,1
Corey Sutton,WR,,25,1
Demetris Robertson,WR,,25,1
Justin Hall,WR,,25,3
Jarrett Guarantano,QB,,25,1
Montrell Washington,WR,,27,4
Ko Kieft,TE,TB,28,4
Drew Ogletree,TE,IND,28,4
John FitzPatrick,TE,,25,4
Nick Muse,TE,ATL,27,4
Dareke Young,WR,LV,27,4
Seth Green,TE,,27,4
Drew Estrada,WR,,25,1
Trevon Clark,WR,,23,1
Tre Ford,QB,,24,1
Josh Babicz,TE,,23,2
Davis Cheek,QB,,23,1
John Lovett,RB,,23,2
Derek Wright,WR,,25,2
Ra'Shaun Henry,WR,,25,2
Talolo Limi-Jones,WR,,25,1
Brandon Peters,QB,,25,1
Stone Smartt,TE,PHI,27,4
Marcus Santos-Silva,TE,,25,1
Kyric McGowan,WR,,24,2
Danny Davis,WR,,24,1
Taysir Mack,WR,,24,1
Garrett Walston,TE,,24,1
Changa Hodge,WR,,24,1
Jontre Kirklin,WR,,25,2
JaVonta Payton,WR,,24,1
Chris Pierce,TE,,25,2
Grayson Gunter,TE,,25,1
Tyshaun James,WR,,23,1
Leroy Watson,TE,,27,3
Jared Bernhardt,WR,,25,1
Armani Rogers,TE,,27,3
Rashid Shaheed,WR,SEA,27,4
John Mitchell,TE,,24,1
Kevin Shaa,WR,,25,1
Jake Tonges,TE,SF,27,4
Landon Lenoir,WR,,24,1
Kehinde Oginni,TE,,25,2
De'Montre Tuggle,RB,,23,1
Shemar Bridges,WR,,25,2
Raleigh Webb,WR,,26,2
Jamal Pettigrew,TE,,24,1
Lance McCutcheon,WR,TEN,27,4
Roger Carter,TE,,23,1
Tyreik McAllister,RB,,27,3
Dylan Parham,TE,,24,2
Kaden Davis,WR,CHI,27,4
Brandon Johnson,WR,LV,28,4
Rodney Williams,TE,,26,2
Dre Miller,TE,,25,2
Malik Williams,WR,,24,1
Justin Rigg,TE,,25,2
Kendric Pryor,WR,CIN,28,4
Zaire Mitchell-Paden,TE,NO,27,4
Malik Davis,RB,DAL,27,4
Dennis Houston,WR,TB,27,4
Aaron Shampklin,RB,,25,3
Troy Hairston,RB,,26,3
Kekoa Crawford,WR,,25,2
Michael Young,WR,,23,2
Ethan Fernea,WR,,26,2
Cole Fotheringham,TE,,27,3
Tanner Conner,TE,NYG,28,4
Keshunn Abram,WR,,23,1
Irv Charles,WR,SEA,29,4
Kaylon Geiger,WR,,25,1
Kevin Kassis,WR,,25,2
Jared Scott,TE,,23,2
Willie Johnson,WR,,26,1
JJ Howland,TE,,25,2
Tucker Fisk,TE,,27,4
Kameron Brown,WR,,26,1
Keric Wheatfall,WR,,23,1
Drew Plitt,QB,,26,2
KaVontae Turpin,WR,DAL,30,4
Maurice Alexander,WR,CHI,29,4
Thomas Odukoya,TE,,28,4
Daylen Baldwin,WR,,24,2
Josh Ali,WR,,25,2
Nathan Rourke,QB,,26,1
Evan Hull,RB,ARI,25,3
Jahmyr Gibbs,RB,DET,24,3
Zach Evans,RB,,24,2
Tiyon Evans,RB,,22,1
Chase Brown,RB,CIN,26,3
Tank Bigsby,RB,PHI,23,3
De'Von Achane,RB,MIA,24,3
Israel Abanikanda,RB,DAL,23,3
Bryce Young,QB,CAR,25,3
Anthony Richardson,QB,IND,24,3
Tanner McKee,QB,PHI,26,3
Jaren Hall,QB,,27,2
Darnell Washington,TE,PIT,25,3
Brenton Strange,TE,JAX,25,3
Luke Musgrave,TE,GB,25,3
Michael Mayer,TE,LV,25,3
Zack Kuntz,TE,DAL,27,3
Tucker Kraft,TE,GB,25,3
Dontayvion Wicks,WR,PHI,25,3
Parker Washington,WR,JAX,24,3
Jaxon Smith-Njigba,WR,SEA,24,3
Justin Shorter,WR,LV,26,3
Tyler Scott,WR,LAR,24,3
Ty Scott,WR,,25,1
Trey Palmer,WR,NO,25,3
Puka Nacua,WR,LAR,25,3
Marvin Mims,WR,DEN,24,3
Rakim Jarrett,WR,,24,2
Sam James,WR,,23,1
Jalin Hyatt,WR,NYG,24,3
Jadon Haselwood,WR,,22,1
Bryce Ford-Wheaton,WR,,26,3
Josh Downs,WR,IND,25,3
DeMario Douglas,WR,NE,25,3
Tank Dell,WR,HOU,26,3
Jacob Copeland,WR,,25,1
Kayshon Boutte,WR,NE,24,3
Deuce Vaughn,RB,,24,3
Sean Tucker,RB,TB,24,3
Tyjae Spears,RB,TEN,25,3
Bijan Robinson,RB,ATL,24,3
Lew Nichols,RB,PIT,25,3
Keaton Mitchell,RB,LAC,24,3
DeWayne McBride,RB,,23,1
Zach Charbonnet,RB,SEA,25,3
Quentin Johnston,WR,LAC,24,3
Jordan Addison,WR,MIN,24,3
Kendre Miller,RB,NO,24,3
C.J. Stroud,QB,HOU,24,3
C.J. Johnson,WR,,22,1
Zay Flowers,WR,BAL,25,3
Hendon Hooker,QB,TEN,28,3
Will Levis,QB,TEN,27,3
Cameron Latu,TE,PHI,26,3
Camerun Peoples,RB,,23,1
Josh Whyle,TE,GB,26,3
Tre Tucker,WR,LV,25,3
Davis Allen,TE,LAR,25,3
Jake Haener,QB,NYG,27,3
Kenny McIntosh,RB,,26,3
Clayton Tune,QB,,27,3
Xavier Hutchinson,WR,HOU,26,3
Chris Rodriguez,RB,JAX,26,3
Will Mallory,TE,IND,27,3
Ronnie Bell,WR,NO,26,3
Jayden Reed,WR,GB,26,3
Eric Gray,RB,NYG,26,3
Brayden Willis,TE,SF,26,3
Jonathan Mingo,WR,DAL,25,3
Andrei Iosivas,WR,CIN,26,3
Payne Durham,TE,TB,26,3
Charlie Jones,WR,CIN,27,3
Rashee Rice,WR,KC,26,3
Jalen Wayne,WR,,25,1
Elijah Higgins,TE,ARI,25,3
Michael Wilson,WR,ARI,26,3
Max Duggan,QB,,23,1
Derius Davis,WR,LAC,25,3
Roschon Johnson,RB,CHI,25,3
Dalton Kincaid,TE,BUF,26,3
Cedric Tillman,WR,CLE,26,3
Mohamed Ibrahim,RB,,25,1
Stetson Bennett,QB,LAR,28,3
Sam LaPorta,TE,DET,25,3
Malik Cunningham,WR,DET,27,3
Xazavian Valladay,RB,,27,2
Dorian Thompson-Robinson,QB,,25,2
A.T. Perry,WR,,26,3
Travis Dye,RB,,24,1
Aidan O'Connell,QB,LV,27,3
Jake Bobo,WR,SEA,28,3
Matt Landers,WR,,26,2
Deneric Prince,RB,,25,3
Luke Schoonmaker,TE,DAL,27,3
Sean Clifford,QB,CIN,28,3
Grant DuBose,WR,,24,2
Jalen Brooks,WR,ARI,26,3
Colton Dowell,WR,,27,3
Antoine Green,WR,,25,2
Jared Wayne,WR,HOU,25,3
Robert Burns,RB,,26,2
Adrian Martinez,QB,SF,26,3
Mitch Tinsley,WR,CIN,26,3
Kazmeir Allen,WR,,25,2
Thayer Thomas,WR,,27,2
Malik Knowles,WR,,25,2
Cephus Johnson,WR,,24,1
Ben Sims,TE,MIA,26,3
Jordan Byrd,WR,,23,1
Kearis Jackson,WR,,25,2
Charles McClelland,RB,,24,1
SaRodorick Thompson,RB,,24,1
Shaquan Davis,WR,,24,1
Sy Barnett,WR,,25,1
Joel Wilson,TE,TEN,26,3
Elijah Dotson,RB,,26,2
Terrell Bynum,WR,,26,1
Tyler Hoosman,RB,,24,1
Michael Ezeike,TE,,23,1
Pokey Wilson,WR,,26,2
Jaray Jenkins,WR,,24,1
Oliver Martin,WR,,24,1
Elijah Cooks,WR,CAR,27,3
Leonard Taylor,TE,,24,1
Tyler Hudson,WR,,22,1
Christian Sims,TE,,22,1
Brycen Tremayne,WR,CAR,26,3
Jalen Sample,WR,,24,1
Zion Bowens,WR,,24,1
Tim DeMorat,QB,,23,1
Xavier Smith,WR,LAR,28,3
Dresser Winn,QB,,26,2
Shae Wyatt,WR,,24,1
Khalan Laborn,RB,,24,1
Ronald Awatt,RB,,25,1
Daniel Arias,WR,,25,1
Carlos Washington,RB,MIA,27,3
Zay Malone,WR,,23,1
Keilahn Harris,WR,,23,1
Justin Marshall,WR,,24,1
Malik Flowers,WR,,24,1
Joel Honigford,TE,,25,1
Emari Demercado,RB,KC,27,3
Blake Whiteheart,TE,CLE,26,3
Duece Watts,WR,,24,1
Malik Heath,WR,ATL,25,3
Camren McDonald,TE,,24,1
Tanner Morgan,QB,,24,1
Holton Ahlers,QB,,23,1
John Hall,WR,,25,1
Griffin Hebert,TE,,25,1
Noah Gindorff,TE,,24,1
Tyjon Lindsey,WR,,24,1
Calvin Tyler,RB,,24,1
Christian Trahan,TE,,24,1
Isaiah Winstead,WR,PIT,27,3
Jacob Saylors,RB,DET,25,3
Patrick Murtagh,TE,,25,2
Mac Hippenhammer,WR,,24,1
Chris Smith,RB,,23,1
Tyson Bagent,QB,CHI,26,3
Shedrick Jackson,WR,LV,26,3
Thyrick Pitts,WR,,25,1
Aron Cruickshank,WR,,22,1
Hassan Hall,RB,,24,2
Joseph Ngata,WR,,24,2
Brady Russell,TE,SEA,27,3
Johnny King,WR,,23,1
Darius Hagans,RB,,24,1
Tommy DeVito,QB,NE,28,3
Ryan Jones,TE,,24,1
Zavier Scott,RB,MIN,27,3
E.J. Jenkins,TE,PHI,27,3
Xavier Gipson,WR,NYG,25,3
Jason Brownlee,WR,KC,27,3
T.J. Luther,WR,,25,2
Nikko Remigio,WR,KC,26,3
Josh Vann,WR,,23,1
Keytaon Thompson,WR,,24,1
Chase Cota,WR,,25,2
Thomas Greaney,TE,,24,1
Tyler Adams,WR,,25,1
Kody Case,WR,,24,1
Chris Coleman,WR,,24,1
Daewood Davis,WR,,25,1
Chris Brooks,RB,GB,26,3
Julian Hill,TE,NE,26,3
James Blackman,QB,,24,1
Tyrell Shavers,WR,BUF,27,3
Jordan Mims,RB,,27,3
Johnny Lumpkin,TE,,27,2
Travis Vokolek,TE,ARI,27,3
Dontay Demus,WR,,23,1
Owen Wright,RB,HOU,27,3
Brian Walker,TE,,24,1
Sean Ryan,WR,,25,1
Nolan Henderson,QB,,24,1
Braxton Burmeister,WR,,24,1
Ronnie Brown,RB,,23,1
Tanner Taula,TE,,27,3
Taye Barber,WR,,23,1
Kade Warner,WR,,24,1
Ryan Miller,WR,NYG,26,3
Isaiah Bowser,RB,,23,1
Nate Adkins,TE,DEN,27,3
Emanuel Wilson,RB,SEA,27,3
Jaleel McLaughlin,RB,DEN,25,3
Taylor Grimes,WR,,23,1
Jesse Matthews,WR,,26,2
Tre'Shaun Harrison,WR,,24,1
John Samuel Shenker,TE,,26,2
Alfonzo Graham,RB,,23,1
Dylan Drummond,WR,ATL,26,3
Gavin Holmes,WR,,24,1
Ellis Merriweather,RB,,26,2
Austin Aune,QB,,29,1
Jordan Murray,TE,,25,2
Bryan Thompson,WR,,25,1
Braydon Johnson,WR,,24,1
Brian Cobbs,WR,,23,1
Jose Barbon,WR,,23,1
David Durden,WR,,25,1
Jalen Moreno-Cropper,WR,NO,25,3
Princeton Fant,TE,DAL,27,3
John Stephens,TE,,26,2
Lucky Jackson,WR,DET,29,3
Jadakis Bonds,WR,,23,1
Jerome Kapp,WR,,24,1
Cody Chrest,WR,,25,1
Izaiah Gathings,TE,,23,1
Malachi Carter,WR,,23,1
Garett Maag,WR,,23,1
Ed Lee,WR,,24,1
Milton Wright,WR,,22,1
Wayne Taulapapa,RB,,25,1
La'Michael Pettway,TE,,27,5
Avery Davis,WR,,24,1
Chase Cota,WR,,24,1
Devin Leary,QB,,25,1
Joe Milton,QB,DAL,26,2
Sam Hartman,QB,WAS,27,2
Michael Penix,QB,ATL,26,2
Caleb Williams,QB,CHI,24,2
Michael Pratt,QB,,23,1
Spencer Rattler,QB,NO,25,2
Bo Nix,QB,DEN,26,2
Drake Maye,QB,NE,23,2
J.J. McCarthy,QB,MIN,23,2
Jayden Daniels,QB,WAS,25,2
Jordan Travis,QB,,24,1
Blake Watson,RB,,26,2
Jarquez Hunter,RB,LAR,23,1
Rasheen Ali,RB,BAL,25,2
Isaiah Davis,RB,NYJ,24,2
Frank Gore,RB,BUF,24,2
Dylan Laube,RB,LV,26,2
Ray Davis,RB,BUF,26,2
Braelon Allen,RB,NYJ,22,2
Will Shipley,RB,PHI,23,2
Audric Estime,RB,NO,22,2
Dillon Johnson,RB,,23,1
MarShawn Lloyd,RB,GB,25,2
Carson Steele,RB,PHI,23,2
Jonathon Brooks,RB,CAR,23,2
Bucky Irving,RB,TB,24,2
Blake Corum,RB,LAR,25,2
Jawhar Jordan,RB,HOU,27,2
Trey Benson,RB,ARI,24,2
Jase McClellan,RB,,23,1
Erick All,TE,CIN,25,2
Brevyn Spann-Ford,TE,DAL,26,2
Jared Wiley,TE,KC,25,2
Ben Sinnott,TE,WAS,24,2
Theo Johnson,TE,NYG,25,2
Tanner McLachlan,TE,SF,27,2
Cade Stover,TE,HOU,26,2
Ja'Tavion Sanders,TE,CAR,23,2
Trey Knox,TE,,23,1
AJ Barner,TE,SEA,24,2
Brock Bowers,TE,LV,23,2
Jaheim Bell,TE,PIT,25,2
Dallin Holker,TE,,25,1
Hayden Hatten,WR,,24,1
Isaiah Williams,WR,NYJ,25,2
Malik Washington,WR,MIA,25,2
Ainias Smith,WR,,25,2
Jacob Cowing,WR,SF,25,2
Malachi Corley,WR,CLE,24,2
Jalen McMillan,WR,TB,24,2
Ja'Lynn Polk,WR,,24,2
Rome Odunze,WR,CHI,24,2
Brenden Rice,WR,,24,2
Jordan Whittington,WR,LAR,25,2
Xavier Worthy,WR,KC,23,2
Adonai Mitchell,WR,NYJ,23,2
Xavier Legette,WR,CAR,25,2
Troy Franklin,WR,DEN,23,2
Marvin Harrison,WR,ARI,24,2
Devontez Walker,WR,BAL,25,2
Roman Wilson,WR,PIT,25,2
Brian Thomas,WR,JAX,23,2
Malik Nabers,WR,NYG,23,2
Jamari Thrash,WR,CLE,25,2
Ladd McConkey,WR,LAC,24,2
Johnny Wilson,WR,PHI,25,2
Keon Coleman,WR,BUF,23,2
Ricky Pearsall,WR,SF,25,2
Jermaine Burton,WR,,24,1
Jaylen Wright,RB,MIA,23,2
Cody Schrader,RB,DEN,26,2
Javon Baker,WR,,23,2
Jalen Coker,WR,CAR,24,2
Kimani Vidal,RB,LAC,24,2
Kedon Slovis,QB,ARI,25,2
Kendall Milton,RB,CIN,24,2
Luke McCaffrey,WR,WAS,25,2
Isaac Guerendo,RB,SF,26,2
Louis Rees-Zammit,RB,,24,1
Dante Miller,RB,NYG,27,2
Tyrone Tracy,RB,NYG,26,2
Tip Reiman,TE,ARI,24,2
Sione Vaki,RB,DET,25,2
Bub Means,WR,NO,25,2
Anthony Gould,WR,IND,25,2
Keilan Robinson,RB,,26,2
Ryan Flournoy,WR,DAL,26,2
Tejhaun Palmer,WR,NE,26,2
Casey Washington,WR,CAR,25,2
Jha'Quan Jackson,WR,HOU,26,2
Cornelius Johnson,WR,BAL,25,2
Devin Culp,TE,TB,26,2
Tahj Washington,WR,MIA,25,2
Devaughn Vele,WR,NO,28,2
Casey Bauman,QB,,24,1
Jeff Foreman,WR,,25,1
Carter Bradley,QB,JAX,26,2
Daijun Edwards,RB,,23,1
John Rhys Plumlee,QB,,25,2
Luke Benson,TE,,23,1
Leon Johnson,WR,,23,1
Zach Heins,TE,,24,1
Jaelen Gill,WR,,25,1
Jaylen Johnson,WR,,25,2
Ramel Keyton,WR,,24,1
Tulu Griffin,WR,,24,1
Mason Tipton,WR,NO,25,2
Jermaine Jackson,WR,,24,1
Jacob Kibodi,RB,,26,1
Kyle Sheets,WR,,24,1
Ty James,WR,,23,1
Jeshaun Jones,WR,MIN,26,2
Devron Harper,WR,,24,1
Ahmarean Brown,WR,,24,1
Xavier Weaver,WR,ARI,25,2
Tanner Mordecai,QB,,25,1
Terique Owens,WR,,25,1
Austin Reed,QB,BAL,26,2
JaQuae Jackson,WR,LAC,26,2
Isaiah Wooden,WR,,26,2
Colson Yankoff,TE,WAS,26,2
Michael Wiley,RB,,24,2
Marcus Rosemy-Jacksaint,WR,,23,1
Austin Jones,RB,,23,1
Sam Schnee,WR,,24,1
Bryce Oliver,WR,TEN,26,2
Steven Stilianos,TE,,25,1
Emory Jones,QB,,25,2
Tayvion Robinson,WR,,24,1
Chris Collier,RB,LV,26,2
Dayton Wade,WR,BAL,25,2
Xavier Johnson,WR,CIN,27,2
Jordan Terrell,RB,,24,1
Isaiah Washington,WR,,23,1
D.J. Williams,RB,,25,1
Kameron Johnson,WR,TB,24,2
Zack Annexstad,QB,,24,1
Emani Bailey,RB,,23,1
Lawrence Keys,WR,,26,2
Gunnar Watson,QB,,25,1
Nathaniel Peat,RB,,24,1
Jack Plummer,QB,,25,1
Jaden Shirden,RB,,22,1
Sam Pinckney,WR,,25,1
Devin Carter,WR,,22,1
Kobe Lewis,RB,,24,1
Tyler Harrell,WR,,24,1
OJ Hiliare,WR,,23,1
Ian Wheeler,RB,BUF,24,2
Jack Westover,TE,NE,27,2
George Holani,RB,SEA,26,2
Noah Cain,RB,,24,1
Cam Grandy,TE,CIN,26,2
Rocky Lombardi,QB,,26,1
Elijah Collins,RB,,24,1
Mason Pline,TE,KC,26,2
McCallan Castles,TE,GB,26,2
Treyton Welch,TE,NO,25,2
Aidan Robbins,RB,,24,1
Alec Holler,TE,,25,1
Cam Johnson,WR,,25,1
Corey Crooms,WR,,23,1
Ayir Asante,WR,,23,1
Chris Autman-Bell,WR,,25,1
Dylan Leonard,TE,,24,1
Thomas Yassmin,TE,GB,26,2
Joshua Cephus,WR,,25,2
Jacob Warren,TE,,24,1
Deshaun Fenwick,RB,,25,1
Isaac Rex,TE,,26,1
Jalon Calhoun,WR,,24,1
Drake Stoops,WR,,26,1
Sam Wiglusz,WR,,25,1
Neal Johnson,TE,,24,1
Je'Quan Burton,WR,,24,1
Gavin Hardison,QB,,24,1
Jarveon Howard,RB,,25,1
Julian Hicks,WR,SEA,26,2
Messiah Swinson,TE,GB,26,2
Spencer Sanders,QB,,25,1
Zach Mathis,WR,,24,1
Jaaron Hayek,WR,,23,1
British Brooks,RB,HOU,26,2
Jaxon Janke,WR,,25,1
Malcolm Epps,TE,,25,1
Xavier White,WR,,25,1
Jason Bean,QB,,26,1
Trent Pennix,TE,,25,1
John Paddock,QB,,24,1
Wayne Ruby,WR,,24,1
Cole Burgess,WR,PIT,26,3
Austin Stogner,TE,,25,1
Kevin Foelsch,TE,,24,1
Shawn Bowman,TE,ARI,26,2
Jalen Jackson,RB,,24,1
Brevin Easton,WR,,24,1
Joseph Scates,WR,,24,1
David White,WR,,25,1
Lorenzo Lingard,RB,,25,1
JJ Laap,WR,,23,1
Marcus Riley,WR,,25,1
Lincoln Sefcik,TE,,25,1
Jelani Baker,WR,,24,1
Mike Rigerman,TE,,23,1
Riley Sharp,TE,,27,1
Phillip Brooks,WR,,25,1
Baylor Cupp,TE,ARI,26,2
Taulia Tagovailoa,QB,,24,1
Mason Fairchild,TE,,23,1
Cole Beck,WR,,29,1
Qadir Ismail,WR,CHI,26,2
Andrew Peasley,QB,,25,1
Dimitri Stanley,WR,,25,1
Dylan McDuffie,RB,,24,1
Dakereon Joyner,WR,,24,1
Markese Stepp,RB,,24,1
Anthony Grant,RB,,25,1
Easton Dean,TE,,20,1
Treveyon Pratt,WR,,24,1
Jabari Small,RB,DET,25,2
David Martin-Robinson,TE,TEN,26,2
Latreal Jones,WR,,26,1
Praise Olatoke,WR,,24,1
Peter LeBlanc,WR,,23,1
Brenden Bates,TE,CLE,26,2
John Jiles,WR,,25,2
Hayden Rucci,TE,SF,25,2
Tre Mosley,WR,,23,1
Tanner Knue,WR,,26,2
Jadon Janke,WR,,25,1
Ramon Jefferson,RB,,25,1
Michael Hiers,QB,,25,1
John Jackson,WR,,25,1
Terrell Jennings,RB,,25,2
Hamze El-Zayat,WR,,25,1
David Wallis,WR,,23,1
Ben Bryant,QB,,25,1
Geor'Quarius Spivey,TE,,25,1
Ontaria Wilson,WR,,25,1
Brashard Smith,RB,KC,23,1
Jaydon Blue,RB,DAL,22,1
Antwane Wells,WR,ATL,25,1
Damien Martinez,RB,GB,22,1
Jordan James,RB,SF,22,1
Dylan Sampson,RB,CLE,21,1
Riley Leonard,QB,IND,23,1
DJ Giddens,RB,IND,22,1
Raheim Sanders,RB,CLE,24,1
Mitchell Evans,TE,CAR,23,1
Woody Marks,RB,HOU,25,1
Ricky White,WR,SEA,24,1
Devin Neal,RB,NO,23,1
Kurtis Rourke,QB,SF,25,1
Nick Nash,WR,WAS,26,1
Ja'Quinden Jackson,RB,PHI,24,1
Moliki Matavao,TE,NO,23,1
Cam Skattebo,RB,NYG,24,1
Savion Williams,WR,GB,24,1
Jack Bech,WR,LV,23,1
Jayden Higgins,WR,HOU,23,1
Tez Johnson,WR,TB,24,1
Dillon Gabriel,QB,CLE,25,1
Terrance Ferguson,TE,LAR,23,1
RJ Harvey,RB,DEN,25,1
Bhayshul Tuten,RB,JAX,23,1
Corey Kiner,RB,ARI,24,1
Pat Bryant,WR,DEN,23,1
Oronde Gadsden,TE,LAC,23,1
Kyle McCord,QB,GB,23,1
Ollie Gordon,RB,MIA,22,1
Tai Felton,WR,MIN,23,1
Tory Horton,WR,SEA,23,1
Mason Taylor,TE,NYJ,22,1
Elic Ayomanor,WR,TEN,23,1
Quinn Ewers,QB,MIA,23,1
Matthew Golden,WR,GB,23,1
Gunnar Helm,TE,TEN,23,1
Isaiah Bond,WR,CLE,22,1
Kaleb Johnson,RB,PIT,23,1
Jalen Royals,WR,KC,23,1
Harold Fannin,TE,CLE,22,1
Omarion Hampton,RB,LAC,23,1
Jaxson Dart,QB,NYG,23,1
Tre' Harris,WR,LAC,24,1
Jalen Milroe,QB,SEA,23,1
Will Howard,QB,PIT,24,1
Quinshon Judkins,RB,CLE,22,1
Emeka Egbuka,WR,TB,23,1
Donovan Edwards,RB,MIA,23,1
Kalel Mullings,RB,TEN,23,1
Colston Loveland,TE,CHI,22,1
Tyler Warren,TE,IND,24,1
Luther Burden,WR,CHI,22,1
Xavier Restrepo,WR,TEN,24,1
Elijah Arroyo,TE,SEA,23,1
Cam Ward,QB,TEN,24,1
Jimmy Horn,WR,CAR,23,1
Shedeur Sanders,QB,CLE,24,1
Tetairoa McMillan,WR,CAR,23,1
Ashton Jeanty,RB,LV,22,1
Ajou Ajou,WR,,23,1
TreVeyon Henderson,RB,NE,23,1
Travis Hunter,WR,JAX,23,1
Trevor Etienne,RB,CAR,22,1
Ja'Corey Brooks,WR,,24,1
Jacory Croskey-Merritt,RB,WAS,25,1
Kyle Monangai,RB,CHI,24,1
Isaac TeSlaa,WR,DET,24,1
Jaylin Noel,WR,HOU,23,1
Brady Cook,QB,NYJ,24,1
Arian Smith,WR,NYJ,24,1
Chimere Dike,WR,TEN,24,1
Dont'e Thornton,WR,LV,23,1
Efton Chism,WR,NE,24,1
Tahj Brooks,RB,CIN,24,1
LeQuint Allen,RB,JAX,22,1
Tyler Shough,QB,NO,26,1
Marcus Yarns,RB,,24,1
Kyle Williams,WR,NE,23,1
Jordan Petaia,TE,,25,1
Jordan Watkins,WR,SF,24,1
Jaylin Lane,WR,WAS,24,1
Robbie Ouzts,RB,SEA,23,1
Jackson Hawes,TE,BUF,25,1
KeAndre Lambert-Smith,WR,LAC,24,1
Cam Miller,QB,MIA,25,1
Tommy Mellott,WR,,24,1
LaJohntay Wester,WR,BAL,24,1
Gavin Bartholomew,TE,MIN,23,1
Graham Mertz,QB,HOU,25,1
Thomas Fidone,TE,NYG,23,1
Konata Mumpfield,WR,LAR,23,1
Kaden Prather,WR,GB,23,1
Luke Lachey,TE,,25,1
Dominic Lovett,WR,DET,23,1
Caleb Lohner,TE,DEN,24,1
Phil Mafah,RB,DAL,23,1
Junior Bergen,WR,NYJ,23,1
JP Richardson,WR,CHI,24,1
Jamoi Mayes,WR,,23,1
Kelly Akharaiyi,WR,,25,1
Stephen Gosnell,WR,BUF,24,1
Hal Presley,WR,,24,1
Rashod Owens,WR,,24,1
Jordan Moore,WR,CIN,24,1
Payton Thorne,QB,,24,1
Keleki Latu,TE,BUF,24,1
Courtney Jackson,WR,TEN,25,1
DJ Uiagalelei,QB,LAC,25,1
Max Brosmer,QB,MIN,25,1
Connor Bazelak,QB,TB,25,1
Joaquin Davis,WR,PIT,24,1
Jerjuan Newton,WR,,24,1
Josh Williams,RB,TB,25,1
Will Sheppard,WR,GB,24,1
Garrett Greene,QB,TB,24,1
Ahmani Marshall,RB,CLE,24,1
Bryson Green,WR,ARI,23,1
Oscar Cardenas,TE,,24,1
Luke Grimm,WR,LAC,25,1
Mac Dalena,WR,BUF,24,1
Elijhah Badger,WR,,24,1
Jake Briningstool,TE,KC,23,1
Elijah Young,RB,,24,1
Landon Parker,WR,,26,1
Ulysses Bentley,RB,IND,25,1
Coleman Owen,WR,IND,25,1
Tyler Kahmann,WR,,25,1
Blayne Taylor,WR,,23,1
Jimmy Bell,TE,,25,0
Josh Kelly,WR,HOU,25,1
Traeshon Holden,WR,,25,1
Rivaldo Fairweather,TE,ARI,24,1
Monaray Baldwin,WR,,23,1
Nate Noel,RB,,23,1
Theo Wease,WR,MIA,25,1
Andrew Armstrong,WR,KC,25,1
AJ Henning,WR,MIA,24,1
Jalin Conyers,TE,,24,1
Montrell Johnson,RB,,23,1
Silas Bolden,WR,,24,1
Joshua Simon,TE,ATL,25,1
Quincy Skinner,WR,NYJ,23,1
Dalen Cambre,WR,NYG,25,1
Beaux Collins,WR,ATL,23,1
Da'Quan Felton,WR,NYJ,25,1
Nathan Carter,RB,ATL,24,1
Seth Henigan,QB,,23,1
Patrick Herbert,TE,JAX,25,1
Cam Camper,WR,NYJ,24,1
Quentin Skinner,WR,BUF,24,1
Chandler Brayboy,WR,JAX,25,1
Eli Pancol,WR,IND,26,1
Jamaal Pritchett,WR,NYJ,23,1
Amar Johnson,RB,LAC,23,1
Caden Prieskorn,TE,CAR,26,1
Jakobie Keeney-James,WR,PIT,25,1
Jackson Meeks,WR,DET,23,1
Anthony Tyus,RB,CAR,23,1
Tre Stewart,RB,ARI,23,1
Bryson Nesbit,TE,MIN,23,1
Dontae Fleming,WR,MIN,24,1
Robert Lewis,WR,,23,1
Jalen White,RB,,23,1
Kye Robichaux,RB,DET,23,1
Bryce Pierre,TE,,25,1
Ethan Garbers,QB,,23,1
Moose Muhammad,WR,,24,0
Jacolby George,WR,,22,1
Lan Larison,RB,NE,24,1
Ke'Shawn Williams,WR,CIN,24,1
Roc Taylor,WR,CAR,23,1
DJ Thomas-Jones,TE,,23,1
JJ Galbreath,TE,,25,1
Gee Scott,TE,,25,1
CJ Dippre,TE,NE,24,1
Mario Williams,WR,LAR,23,1
Tru Edwards,WR,LAR,25,1
Anthony Torres,TE,,26,1
Jordan Waters,RB,LAR,25,1
Brennan Presley,WR,LAR,24,1
Mark Redman,TE,LAR,24,1
Hajj-Malik Williams,QB,,26,0
Marshall Lang,TE,MIN,24,1
Tyrone Broden,WR,,25,1
Jahmal Banks,WR,,24,1
Xavier Guillory,WR,BAL,25,1
Chris Tyree,WR,,24,1
Jacardia Wright,RB,SEA,25,1
Daniel Jackson,WR,,23,1
Darius Lassiter,WR,,25,1
Dorian Singer,WR,,23,1
Ben Wooldridge,QB,,26,1
Isaiah Neyor,WR,GB,25,1
Myles Price,WR,MIN,24,1
Jahdae Walker,WR,CHI,24,1
Deion Hankins,RB,,25,1
Quali Conley,RB,,23,1
Gage Larvadain,WR,CLE,24,1
Julian Fleming,WR,,25,0
Zach Horton,TE,DET,23,1
Tre Watson,TE,KC,23,1
Collin Schlee,QB,,24,0
Jacoby Jones,WR,WAS,25,1
Ben Yurosek,TE,MIN,24,1
Carter Runyon,TE,LV,25,1
Jeremiah Webb,WR,NE,25,1
Micah Bernard,RB,,24,1
Rushawn Baker,RB,,22,1
ShunDerrick Powell,RB,,23,1
Darius Cooper,WR,PHI,24,1
Nick Kallerup,TE,SEA,25,1
Giles Jackson,WR,,24,1
Marcus Major,RB,,25,1
Zakhari Franklin,WR,,25,0
Maximilian Mang,TE,,25,1
Jimmy Holiday,WR,KC,24,1
Kinkead Dent,QB,,25,0
Ja'seem Reed,WR,CAR,23,1
Luke Floriea,WR,CLE,24,1
Taylor Elgersma,QB,,23,1
Montorie Foster,WR,SEA,25,1
Dalevon Campbell,WR,LAC,24,1
Kyrese Rowan,WR,DEN,25,1
Drake Dabney,TE,GB,24,1
Cade McDonald,WR,,24,1
Hunter Dekkers,QB,NO,25,1
Brett Gabbert,QB,,25,0
Montana Lemonious-Craig,WR,,23,0
Sam Brown,WR,,23,1
Ife Adeyi,WR,,25,1
Toa Taua,RB,,25,2
Lawrance Toafili,RB,,24,1
Jaden Smith,WR,DAL,24,1
Thomas Gordon,TE,DET,25,1
Gunnar Oakes,TE,,26,2
Layne Pryor,TE,HOU,23,1
Dohnte Meyers,WR,CIN,26,3
Elijah Sarratt,WR,BAL,23,0
Fernando Mendoza,QB,LV,22,0
CJ Daniels,WR,LAR,24,0
Carson Beck,QB,ARI,23,0
Josh Cuevas,TE,BAL,22,0
Germie Bernard,WR,PIT,22,0
Ty Simpson,QB,LAR,23,0
Omar Cooper,WR,NYJ,22,0
CJ Donaldson,RB,NO,22,0
Max Klare,TE,LAR,23,0
Carnell Tate,WR,TEN,21,0
Jordyn Tyson,WR,NO,22,0
Jack Endries,TE,CIN,22,0
Malachi Fields,WR,NYG,22,0
Jadarian Price,RB,SEA,22,0
Jeremiyah Love,RB,ARI,21,0
Nicholas Singleton,RB,TEN,22,0
Drew Allar,QB,PIT,22,0
Ja'Kobi Lane,WR,BAL,22,0
Makai Lemon,WR,PHI,22,0
Behren Morton,QB,NE,24,0
Caleb Douglas,WR,MIA,22,0
Reggie Virgil,WR,ARI,22,0
KC Concepcion,WR,CLE,21,0
Nate Boerkircher,TE,JAX,24,0
Antonio Williams,WR,WAS,22,0
Adam Randall,RB,BAL,22,0
Cade Klubnik,QB,NYJ,22,0
Mike Washington,RB,LV,23,0
Taylen Green,QB,CLE,23,0
Marlin Klein,TE,HOU,23,0
Bauer Sharp,TE,TB,23,0
Aaron Anderson,WR,,23,0
Miller Moss,QB,CHI,24,0
Chris Bell,WR,MIA,22,0
Emmanuel Henderson,WR,SEA,23,0
Luke Altmyer,QB,DET,23,0
Dean Connors,RB,LAR,22,0
Eric Rivers,WR,TB,23,0
Ted Hurst,WR,TB,22,0
Noah Thomas,WR,CIN,22,0
Oscar Delp,TE,NO,23,0
Zachariah Branch,WR,ATL,22,0
Dan Villari,TE,LAR,24,0
Sam Roush,TE,CHI,22,0
Matt Hibner,TE,BAL,24,0
Jordan Hudson,WR,DAL,22,0
DT Sheffield,WR,,25,0
Desmond Reid,RB,,21,0
Anthony Hankerson,RB,SEA,22,0
Malik Benson,WR,LV,23,0
Kenyon Sadiq,TE,NYJ,21,0
Dae'Quan Wright,TE,CLE,22,0
Deion Burks,WR,IND,23,0
Cole Payton,QB,PHI,23,0
Dane Key,WR,DEN,23,0
Emmett Johnson,RB,KC,22,0
Kevin Coleman,WR,MIA,22,0
Davon Booth,RB,CLE,24,0
John Michael Gyllenborg,TE,KC,24,0
Jonah Coleman,RB,DEN,23,0
Denzel Boston,WR,CLE,22,0
Demond Claiborne,RB,MIN,22,0
J'Mari Taylor,RB,JAX,24,0
Eli Stowers,TE,PHI,23,0
Joe Fagnano,QB,BAL,25,0
Lincoln Pare,RB,,25,0
Chris Brazzell,WR,CAR,22,0
DJ Rogers,TE,DAL,24,0
Trebor Pena,WR,JAX,24,0
Brenen Thompson,WR,LAC,23,0
Jeff Caldwell,WR,KC,23,0
Josh Cameron,WR,JAX,23,0
Justin Joly,TE,DEN,22,0
Michael Trigg,TE,DAL,24,0
Skyler Bell,WR,BUF,24,0
Garrett Nussmeier,QB,KC,24,0
Kaytron Allen,RB,WAS,23,0
Carson Towt,TE,IND,25,0
Tanner Koziol,TE,JAX,22,0
Donaven McCulley,WR,MIA,23,0
Chase Roberts,WR,LV,25,0
Zavion Thomas,WR,CHI,22,0
Kendrick Law,WR,DET,23,0
Cyrus Allen,WR,KC,23,0
Kaelon Black,RB,SF,24,0
Haynes King,QB,CAR,25,0
Roman Hemby,RB,LV,24,0
De'Zhaun Stribling,WR,SF,23,0
Robert Henry,RB,WAS,24,0
Jaydn Ott,RB,KC,23,0
Bryce Lance,WR,NO,24,0
Eli Raridon,TE,NE,22,0
Jaren Kanak,TE,TEN,22,0
Eli Heidenreich,RB,PIT,23,0
Seth McGowan,RB,IND,24,0
Jalon Daniels,QB,TB,23,0
Diego Pavia,QB,,24,0
Joey Aguilar,QB,JAX,25,0
Seydou Traore,TE,MIA,24,0
RJ Maryland,TE,GB,22,0
Miles Kitselman,TE,,23,0
Riley Nowakowski,TE,PIT,24,0
Will Kacmarek,TE,MIA,23,0
Joe Royer,TE,CLE,24,0
Kentrel Bullock,RB,CIN,24,0
Noah Whittington,RB,HOU,24,0
DeaMonte Trayanum,RB,NYJ,24,0
Damien Alford,WR,,25,0
Colbie Young,WR,CIN,24,0
Kaden Wetjen,WR,PIT,24,0
Max Bredeson,TE,MIN,23,0
Barion Brown,WR,NO,22,0
Lewis Bond,WR,HOU,23,0
CJ Williams,WR,JAX,22,0
Athan Kaliakmanis,QB,WAS,23,0
Dallen Bentley,TE,DEN,25,0
Carsen Ryan,TE,CLE,22,0
Anthony Smith,WR,DAL,24,0
Chandler Morris,QB,,25,0
Cash Jones,RB,ATL,24,0
Matthew Caldwell,QB,LAR,23,0
Kyron Drones,QB,,23,0
Jack Strand,QB,ATL,22,0
Jerand Bradley,WR,LAC,23,0
Luke Wysong,WR,,23,0
Marcus Sanders,WR,MIN,22,0
Dillon Bell,WR,MIN,22,0
Evan Svoboda,TE,LAC,23,0
Devonte Ross,WR,LAC,23,0
Brady Boyd,WR,JAX,24,0
Will Pauling,WR,SF,23,0
Wesley Grimes,WR,SF,22,0
Harrison Wallace,WR,ARI,23,0
Chris Hilton,WR,GB,23,0
Jake Retzlaff,QB,,23,0
Ja'Mori Maclin,WR,BUF,24,0
Ty Pezza,TE,BAL,23,0
Kobe Prentice,WR,NE,22,0
Hayden Large,TE,CHI,24,0
Dominic Richardson,RB,,25,0
Joseph Manjack,WR,DEN,23,0
Cameron Ross,WR,DEN,25,0
Kole Wilson,WR,CLE,22,0
TJ Harden,RB,,22,0
J. Michael Sturdivant,WR,GB,23,0
Ademola Faleye,TE,,24,0
EJ Smith,RB,KC,24,0
Terion Stewart,RB,KC,24,0
Jacob Clark,QB,LV,25,0
E.J. Williams,WR,LV,24,0
Mark Gronowski,QB,MIA,24,0
Romello Brinson,WR,,24,0
Caullin Lacy,WR,NYJ,24,0
Tanner Arkin,TE,NE,23,0
Kyle Dixon,WR,NE,25,0
Cortez Braham,WR,BAL,26,0
Octavian Smith,WR,BAL,23,0
Dontae McMillan,RB,BAL,24,0
Jalen Walthall,WR,,23,0
Daniel Sobkowicz,WR,HOU,23,0
Jameson Geers,TE,ARI,23,0
Corey Rucker,WR,LV,24,0
Omari Evans,WR,KC,22,0
Elijah Tau-Tolliver,RB,BAL,23,0
Xavier Loyd,WR,KC,23,0
Jonathan Brady,WR,,22,0
Jamal Haynes,RB,CIN,23,0
Damon Bankston,RB,NYG,23,0
Keelan Marion,WR,ATL,26,0
Le'Meke Brockington,WR,,24,0
Kolbe Katsis,WR,DEN,24,0
Rodney Hammond,RB,DEN,23,0
Kyron Hudson,WR,,24,0
Rashad Rochelle,WR,SEA,23,0
Trayvon Rudolph,WR,MIN,24,0
Terrill Davis,WR,MIN,23,0
Miles Davis,RB,CAR,26,0
Heinrich Haarberg,TE,,23,0
Malick Meiga,WR,,25,0
Roydell Williams,RB,IND,24,0
